1
14
18
22
23
24
25
27
28
30
31
32
34
35
37
38
40
43
44
45
46
49
50
52
53
54
55
56
57
58
60
64
65
66
67
70
71
72
74
78
85
86
98
99
100
101
102
104
105
106
107
108
109
110
112
115
116
117
118
119
122
124
125
126
127
128
129
130
131
132
133
134
136
137
138
140
148
152
155
158
159
161
163
166
172
173
175
178
179
180
182
183
184
185
186
187
188
190
191
192
193
194
195
196
197
198
201
205
206
207
208
209
210
211
212
213
214
216
217
218
220
223
224
225
226
228
229
235
237
238
239
241
245
246
247
250
252
253
254
255
256
258
261
262
263
264
265
271
272
273
278
280
282
285
286
287
288
289
290
291
296
297
299
301
302
305
307
308
309
310
312
314
316
317
319
320
321
324
325
327
328
330
331
332
333
334
336
337
338
340
342
343
346
348
349
350
351
352
356
358
360
361
362
364
365
366
367
368
369
371
372
373
374
378
379
384
385
387
388
389
391
392
393
395
396
397
400
402
405
408
410
411
412
413
414
415
416
417
419
422
428
431
432
433
434
435
441
442
446
448
450
451
454
455
456
462
463
469
470
474
478
482
483
488
489
490
492
493
494
497
499
500
501
502
504
505
508
509
511
513
514
515
516
517
518
519
521
522
523
524
525
526
527
528
532
533
534
536
537
538
539
540
541
544
545
546
547
549
550
551
556
559
561
564
570
572
573
575
579
583
584
585
587
588
590
591
594
599
600
602
604
605
606
609
610
611
612
613
615
618
621
623
627
631
634
635
637
638
642
643
644
647
663
667
671
677
679
680
682
686
687
691
702
705
707
720
723
730
735
740
741
742
747
750
752
755
756
759
778
779
791
801
804
805
808
809
818
820
822
823
825
828
829
830
831
832
833
840
848
849
850
854
856
861
864
865
866
872
875
881
886
889
895
896
908
913
916
917
921
931
933
934
935
936
937
938
939
940
941
942
943
944
945
946
948
950
952
956
957
959
961
963
964
965
967
968
969
971
972
974
975
976
977
978
982
985
986
988
990
992
993
995
996
997
1007
1008
1012
1020
1022
1023
1027
1028
1041
1047
1064
1074
1079
1080
1081
1082
1085
1088
1092
1093
1096
1099
1106
1107
1113
1117
1120
1125
1131
1147
1148
1150
1151
1154
1159
1160
1167
1171
1173
1178
1180
1183
1186
1188
1192
1197
1205
1206
1207
1208
1213
1214
1215
1216
1217
1219
1222
1224
1225
1226
1228
1231
1232
1233
1234
1237
1265
1266
1273
1274
1278
1279
1284
1285
1289
1292
1293
1294
1295
1300
1301
1303
1304
1307
1308
1311
1312
1313
1314
1319
1326
1332
1333
1334
1335
1341
1342
1343
1344
1348
1353
1357
1358
1359
1362
1365
1367
1368
1369
1371
1374
1375
1376
1379
1389
1390
1392
1394
1396
1399
1400
1401
1403
1407
1408
1411
1414
1416
1417
1419
1424
1433
1435
1436
1437
1450
1453
1462
1464
1466
1469
1475
1477
1479
1483
1484
1485
1488
1491
1494
1495
1497
1501
1503
1505
1508
1511
1514
1516
1545
1550
1557
1559
1561
1563
1564
1566
1568
1571
1572
1573
1578
1582
1586
1589
1591
1592
1593
1599
1601
1605
1606
1608
1609
1610
1613
1622
1623
1625
1634
1636
1641
1649
1650
1652
1653
1655
1660
1662
1664
1666
1667
1668
1669
1670
1671
1672
1673
1674
1676
1677
1679
1680
1681
1686
1689
1690
1691
1692
1693
1695
1697
1698
1699
1703
1704
1705
1712
1714
1719
1722
1724
1727
1730
1732
1734
1738
1740
1744
1745
1749
1751
1752
1754
1755
1756
1758
1759
1760
1761
1762
1763
1764
1768
1770
1771
1773
1777
1779
1780
1781
1784
1789
1790
1791
1801
1807
1809
1811
1815
1819
1821
1823
1824
1834
1835
1836
1844
1845
1850
1851
1856
1857
1858
1859
1861
1863
1864
1866
1868
1871
1872
1873
1878
1879
1883
1888
1891
1895
1897
1900
1906
1907
1909
1911
1912
1914
1915
1919
1920
1921
1936
1938
1942
1945
1951
1954
1955
1957
1958
1959
1962
1963
1966
1969
1973
1975
1976
1987
1988
1989
1991
1994
1997
2000
2001
2003
2004
2006
2007
2016
2018
2021
2024
2035
2041
2042
2046
2049
2053
2055
2059
2060
2062
2065
2068
2070
2073
2074
2076
2078
2080
2084
2086
2094
2100
2101
2102
2105
2107
2108
2113
2114
2117
2119
2121
2128
2129
2133
2138
2142
2145
2149
2150
2152
2153
2157
2158
2164
2167
2169
2174
2177
2178
2180
2181
2183
2190
2194
2203
2207
2208
2211
2213
2217
2220
2223
2228
2230
2233
2235
2237
2238
2240
2241
2245
2249
2251
2252
2253
2256
2258
2261
2263
2264
2265
2266
2268
2270
2277
2280
2282
2286
2288
2289
2291
2294
2296
2302
2304
2306
2307
2308
2310
2311
2312
2313
2319
2323
2325
2327
2331
2332
2338
2339
2346
2348
2349
2355
2356
2361
2369
2371
2375
2383
2387
2390
2391
2393
2395
2398
2400
2401
2402
2404
2407
2408
2411
2412
2418
2420
2423
2425
2426
2427
2429
2431
2432
2434
2435
2437
2438
2439
2441
2442
2444
2446
2448
2450
2451
2452
2453
2454
2455
2456
2459
2460
2463
2464
2468
2469
2471
2472
2473
2476
2480
2483
2485
2486
2489
2490
2492
2495
2497
2498
2499
2503
2504
2508
2514
2520
2521
2522
2524
2528
2529
2532
2534
2536
2538
2539
2544
2555
2556
2560
2561
2562
2567
2571
2572
2575
2576
2577
2578
2581
2586
2588
2589
2592
2595
2600
2601
2606
2611
2612
2616
2619
2620
2622
2625
2627
2629
2631
2634
2639
2642
2644
2647
2648
2653
2655
2656
2659
2665
2668
2669
2671
2672
2675
2676
2681
2688
2689
2692
2710
2711
2717
2719
2722
2727
2730
2738
2740
2743
2745
2746
2747
2750
2752
2755
2764
2773
2776
2789
2790
2802
2807
2810
2816
2824
2831
2836
2837
2839
2840
2841
2843
2850
2854
2856
2857
2870
2879
2882
2888
2890
2893
2913
2918
2922
2923
2924
2929
2931
2934
2935
2943
2945
2946
2947
2948
2950
2954
2955
2956
2960
2966
2967
2970
2971
2975
2976
2977
2979
2980
2982
2984
2985
2986
2987
2992
2993
2995
2997
2998
3001
3004
3005
3006
3007
3008
3009
3010
3011
3012
3014
3015
3016
3017
3019
3021
3022
3023
3024
3025
3033
3034
3035
3036
3038
3039
3041
3042
3046
3049
3053
3058
3059
3060
3066
3067
3068
3070
3073
3079
3080
3082
3088
3091
3092
3093
3094
3097
3098
3101
3104
3107
3108
3110
3114
3115
3116
3117
3120
3122
3128
3131
3132
3134
3135
3136
3139
3140
3141
3144
3147
3150
3153
3157
3159
3160
3163
3165
3168
3169
3175
3177
3180
3181
3182
3183
3184
3185
3187
3191
3192
3193
3195
3197
3198
3199
3204
3205
3211
3213
3215
3217
3221
3222
3224
3225
3226
3228
3231
3232
3233
3237
3238
3240
3241
3243
3244
3246
3249
3251
3254
3257
3263
3270
3271
3274
3279
3283
3288
3289
3293
3296
3297
3298
3299
3303
3315
3318
3319
3321
3326
3327
3328
3329
3332
3337
3339
3341
3345
3347
3348
3349
3350
3360
3361
3363
3364
3365
3366
3368
3369
3370
3374
3380
3382
3384
3386
3387
3388
3389
3390
3391
3392
3393
3395
3396
3397
3398
3399
3400
3402
3403
3404
3405
3406
3408
3409
3411
3412
3413
3414
3415
3416
3417
3419
3420
3427
3428
3434
3435
3437
3438
3439
3440
3441
3445
3446
3448
3452
3458
3459
3461
3462
3464
3465
3466
3467
3469
3471
3472
3474
3477
3478
3481
3484
3485
3501
3504
3505
3515
3522
3528
3532
3533
3534
3535
3538
3543
3544
3547
3548
3551
3558
3559
3560
3561
3562
3564
3566
3569
3571
3572
3576
3578
3579
3581
3582
3585
3586
3587
3588
3599
3610
3611
3616
3617
3619
3631
3653
3656
3657
3658
3659
3662
3665
3666
3668
3671
3673
3675
3679
3682
3693
3694
3696
3697
3707
3711
3716
3718
3723
3727
3728
3730
3731
3734
3736
3737
3739
3740
3742
3743
3745
3746
3748
3751
3752
3753
3754
3755
3757
3758
3761
3762
3764
3769
3774
3775
3776
3780
3785
3786
3798
3805
3809
3810
3813
3815
3816
3818
3822
3823
3825
3826
3835
3841
3843
3845
3847
3854
3855
3857
3858
3859
3860
3862
3864
3866
3867
3868
3869
3871
3872
3873
3874
3875
3878
3880
3881
3882
3883
3884
3886
3887
3890
3891
3893
3897
3898
3900
3902
3903
3904
3905
3910
3911
3912
3913
3914
3917
3920
3921
3923
3924
3927
3929
3933
3935
3937
3938
3941
3942
3943
3944
3946
3947
3948
3949
3950
3951
3953
3955
3956
3959
3960
3961
3962
3963
3964
3965
3967
3969
3971
3973
3974
3975
3976
3977
3978
3979
3983
3984
3985
3987
3988
3989
3992
3993
3994
3995
3997
4000
4003
4004
4005
4006
4009
4011
4013
4014
4016
4019
4020
4022
4023
4024
4025
4028
4029
4033
4037
4038
4040
4041
4042
4043
4044
4045
4046
4047
4049
4050
4051
4052
4053
4054
4055
4056
4057
4058
4060
4061
4062
4063
4069
4071
4076
4077
4084
4085
4088
4089
4090
4093
4096
4100
4104
4105
4107
4109
4110
4113
4115
4116
4117
4118
4119
4121
4123
4124
4127
4129
4130
4131
4132
4136
4140
4142
4143
4146
4147
4148
4153
4154
4156
4159
4163
4167
4171
4174
4175
4176
4177
4184
4185
4187
4192
4194
4195
4196
4199
4201
4203
4204
4206
4210
4212
4213
4215
4219
4221
4222
4224
4226
4227
4228
4229
4230
4232
4235
4238
4241
4243
4245
4246
4248
4249
4250
4251
4252
4253
4254
4255
4260
4262
4264
4265
4266
4269
4272
4276
4277
4285
4286
4288
4289
4290
4291
4292
4295
4296
4307
4308
4309
4315
4317
4318
4322
4325
4333
4341
4342
4345
4346
4351
4352
4353
4355
4356
4358
4362
4363
4367
4368
4377
4378
4379
4381
4383
4385
4386
4389
4391
4393
4397
4400
4405
4407
4409
4411
4413
4414
4416
4419
4420
4421
4424
4427
4430
4431
4433
4434
4436
4437
4438
4442
4444
4446
4447
4451
4456
4457
4462
4464
4468
4469
4470
4475
4478
4479
4480
4481
4487
4489
4491
4493
4496
4507
4512
4518
4520
4525
4529
4533
4537
4542
4545
4547
4549
4556
4558
4563
4565
4566
4568
4571
4572
4574
4575
4576
4578
4579
4584
4593
4594
4595
4596
4598
4604
4607
4609
4611
4612
4614
4615
4616
4617
4620
4622
4624
4625
4628
4631
4632
4638
4639
4640
4641
4642
4644
4645
4649
4652
4655
4656
4659
4660
4666
4671
4672
4673
4676
4677
4678
4679
4681
4682
4683
4684
4688
4689
4690
4691
4692
4693
4694
4697
4701
4702
4704
4708
4712
4713
4714
4716
4717
4719
4720
4724
4728
4730
4732
4733
4735
4737
4738
4739
4740
4741
4742
4747
4749
4750
4752
4753
4754
4755
4757
4758
4760
4761
4762
4763
4764
4765
4767
4768
4769
4773
4774
4776
4778
4779
4780
4781
4782
4784
4785
4786
4788
4789
4790
4792
4793
4797
4799
4801
4804
4809
4810
4814
4817
4822
4823
4827
4829
4831
4832
4833
4835
4837
4841
4844
4845
4847
4850
4851
4852
4854
4855
4856
4861
4869
4870
4875
4878
4883
4884
4885
4887
4888
4890
4898
4902
4906
4908
4916
4920
4923
4924
4926
4930
4931
4932
4940
4942
4947
4950
4951
4954
4958
4960
4967
4968
4969
4972
4973
4974
4975
4977
4982
4985
4986
4987
4988
4989
4992
4997
5000
5003
5004
5006
5008
5010
5011
5013
5015
5017
5019
5025
5028
5034
5035
5038
5039
5041
5042
5043
5045
5047
5048
5052
5055
5064
5066
5071
5073
5074
5075
5076
5077
5080
5081
5082
5083
5085
5086
5087
5088
5089
5091
5093
5095
5096
5098
5101
5103
5104
5105
5106
5107
5112
5113
5114
5115
5119
5120
5122
5123
5124
5125
5126
5127
5128
5129
5130
5131
5132
5133
5135
5138
5139
5140
5141
5144
5145
5146
5149
5151
5152
5154
5155
5159
5160
5161
5166
5169
5170
5171
5174
5178
5179
5180
5183
5184
5185
5189
5191
5192
5193
5195
5197
5200
5201
5202
5203
5204
5206
5207
5208
5217
5219
5220
5221
5222
5223
5224
5226
5229
5230
5231
5236
5237
5238
5240
5241
5242
5243
5245
5247
5252
5254
5256
5259
5260
5261
5262
5263
5264
5267
5272
5274
5275
5281
5282
5283
5287
5288
5289
5291
5292
5293
5294
5295
5296
5297
5298
5299
5300
5302
5306
5307
5310
5311
5312
5313
5314
5316
5318
5321
5324
5329
5330
5333
5334
5335
5338
5344
5347
5348
5349
5352
5359
5360
5368
5369
5370
5374
5375
5388
5391
5392
5402
5405
5407
5410
5412
5415
5419
5420
5421
5422
5423
5424
5425
5427
5428
5433
5434
5438
5440
5441
5444
5446
5447
5449
5454
5455
5456
5457
5459
5464
5474
5475
5476
5478
5479
5481
5483
5486
5490
5494
5495
5497
5498
5501
5502
5505
5507
5508
5509
5510
5512
5513
5519
5521
5522
5523
5525
5526
5527
5528
5529
5533
5535
5541
5544
5545
5546
5547
5549
5551
5552
5557
5558
5561
5562
5564
5565
5566
5568
5569
5570
5572
5573
5574
5575
5576
5578
5579
5581
5586
5587
5588
5589
5590
5591
5593
5594
5596
5597
5599
5601
5602
5604
5606
5608
5609
5611
5612
5613
5615
5616
5617
5618
5621
5622
5623
5624
5625
5627
5628
5629
5631
5632
5633
5634
5635
5636
5638
5639
5640
5641
5643
5644
5646
5647
5651
5657
5658
5659
5661
5662
5664
5668
5674
5675
5676
5679
5686
5687
5688
5689
5693
5695
5697
5699
5700
5702
5703
5705
5706
5708
5710
5711
5712
5713
5714
5716
5720
5722
5725
5729
5732
5733
5735
5736
5738
5739
5740
5742
5746
5747
5748
5751
5754
5755
5760
5761
5762
5765
5766
5767
5768
5770
5773
5774
5779
5780
5782
5783
5793
5795
5797
5800
5802
5805
5806
5813
5815
5819
5820
5821
5822
5823
5824
5827
5828
5829
5830
5831
5832
5834
5835
5836
5837
5839
5840
5843
5846
5847
5849
5857
5861
5862
5863
5864
5867
5871
5872
5873
5874
5878
5880
5881
5882
5887
5888
5889
5890
5891
5893
5896
5897
5900
5903
5904
5905
5907
5908
5909
5910
5911
5912
5914
5915
5918
5919
5920
5921
5922
5925
5926
5928
5929
5930
5931
5932
5933
5934
5935
5937
5939
5941
5942
5943
5945
5947
5950
5951
5953
5954
5956
5957
5958
5959
5960
5961
5962
5963
5964
5965
5967
5968
5969
5972
5973
5975
5977
5978
5979
5981
5982
5983
5985
5989
5990
5991
5994
5995
5997
6000
6001
6002
6007
6008
6011
6012
6014
6018
6021
6022
6023
6024
6028
6031
6032
6039
6045
6051
6054
6055
6056
6064
6065
6068
6069
6073
6074
6076
6079
6080
6081
6082
6083
6085
6086
6087
6088
6089
6090
6091
6095
6096
6100
6101
6102
6105
6106
6107
6110
6112
6113
6114
6115
6116
6117
6118
6120
6122
6125
6127
6129
6130
6132
6137
6139
6140
6141
6147
6149
6154
6155
6157
6158
6160
6161
6163
6165
6167
6169
6171
6172
6173
6176
6177
6178
6179
6181
6182
6183
6185
6186
6188
6189
6191
6193
6195
6196
6199
6205
6206
6208
6210
6213
6217
6218
6219
6222
6224
6227
6228
6229
6230
6233
6234
6236
6238
6240
6243
6245
6248
6250
6251
6257
6260
6261
6265
6266
6273
6275
6276
6277
6279
6280
6281
6282
6283
6285
6286
6289
6290
6291
6292
6294
6295
6296
6299
6304
6307
6309
6312
6318
6319
6323
6326
6327
6333
6340
6341
6343
6344
6352
6353
6358
6359
6360
6361
6362
6363
6365
6370
6371
6372
6373
6377
6382
6388
6390
6396
6397
6398
6399
6402
6405
6406
6411
6414
6420
6422
6427
6437
6438
6445
6454
6458
6460
6461
6462
6464
6466
6467
6471
6479
6480
6482
6483
6485
6488
6491
6493
6494
6496
6505
6507
6510
6511
6512
6514
6519
6520
6521
6524
6527
6528
6530
6532
6535
6536
6537
6539
6541
6544
6545
6547
6548
6552
6555
6556
6560
6567
6568
6570
6571
6573
6574
6578
6579
6583
6584
6585
6586
6587
6588
6590
6591
6595
6596
6597
6600
6601
6602
6603
6604
6607
6608
6610
6611
6612
6616
6622
6623
6624
6625
6626
6627
6630
6631
6632
6633
6643
6644
6646
6650
6656
6657
6661
6663
6664
6665
6668
6669
6672
6673
6674
6677
6678
6679
6683
6684
6685
6686
6688
6689
6690
6691
6693
6696
6697
6698
6700
6704
6706
6707
6710
6711
6712
6713
6714
6720
6721
6723
6725
6726
6730
6735
6736
6737
6741
6744
6745
6749
6752
6754
6755
6757
6758
6762
6766
6767
6769
6772
6774
6775
6776
6777
6778
6780
6782
6783
6785
6786
6788
6789
6790
6791
6793
6794
6796
6799
6801
6804
6806
6807
6808
6809
6811
6812
6813
6814
6816
6818
6820
6822
6823
6824
6825
6828
6829
6831
6832
6833
6834
6838
6839
6842
6843
6847
6848
6849
6850
6852
6853
6854
6855
6856
6857
6858
6859
6860
6862
6863
6864
6866
6868
6869
6870
6871
6872
6873
6874
6875
6876
6879
6880
6881
6882
6884
6886
6887
6888
6889
6890
6891
6892
6893
6897
6903
6904
6906
6907
6908
6917
6923
6924
6929
6932
6933
6934
6935
6936
6938
6947
6949
6950
6953
6955
6956
6957
6958
6961
6963
6964
6965
6966
6967
6968
6969
6970
6973
6975
6978
6980
6981
6983
6984
6986
6987
6988
6989
6990
6992
6993
6994
6995
6996
6997
6999
7003
7004
7005
7007
7009
7010
7011
7013
7018
7020
7021
7023
7026
7027
7028
7029
7030
7031
7033
7034
7035
7039
7040
7041
7044
7045
7048
7049
7051
7053
7055
7056
7058
7059
7060
7061
7063
7064
7065
7066
7068
7069
7072
7073
7075
7076
7078
7080
7081
7083
7085
7086
7087
7088
7091
7093
7094
7095
7097
7099
7100
7101
7102
7103
7106
7107
7109
7113
7117
7118
7124
7125
7127
7129
7131
7132
7133
7134
7137
7141
7142
7143
7144
7145
7146
7148
7149
7152
7154
7156
7157
7160
7164
7165
7166
7168
7169
7170
7171
7172
7173
7178
7182
7183
7184
7185
7186
7189
7192
7196
7198
7200
7201
7202
7204
7205
7206
7207
7209
7212
7213
7214
7217
7218
7219
7220
7221
7222
7223
7224
7225
7229
7230
7232
7236
7241
7243
7244
7251
7252
7256
7258
7264
7265
7266
7267
7268
7269
7271
7274
7275
7278
7279
7281
7282
7284
7286
7288
7289
7292
7294
7297
7301
7303
7304
7305
7308
7311
7315
7317
7319
7322
7325
7326
7336
7338
7340
7343
7344
7345
7346
7348
7351
7356
7359
7360
7362
7370
7374
7376
7379
7381
7383
7385
7388
7390
7393
7396
7397
7401
7407
7408
7409
7412
7414
7415
7416
7417
7418
7419
7420
7421
7423
7427
7430
7437
7439
7443
7445
7447
7448
7449
7451
7452
7454
7455
7456
7457
7458
7459
7461
7462
7470
7473
7474
7475
7476
7477
7478
7479
7480
7481
7482
7483
7484
7486
7494
7495
7497
7499
7503
7505
7511
7512
7513
7515
7516
7517
7519
7521
7523
7526
7527
7530
7531
7533
7534
7535
7536
7537
7541
7542
7543
7546
7547
7551
7553
7555
7557
7563
7564
7567
7568
7574
7575
7576
7577
7578
7579
7580
7585
7588
7589
7590
7592
7598
7599
7602
7603
7605
7606
7607
7610
7612
7614
7615
7616
7617
7619
7620
7621
7622
7624
7625
7628
7632
7634
7637
7647
7648
7650
7651
7654
7655
7656
7659
7660
7661
7662
7665
7666
7667
7669
7670
7671
7672
7675
7676
7677
7678
7679
7680
7681
7683
7684
7687
7689
7690
7691
7692
7693
7694
7696
7697
7698
7700
7703
7704
7708
7709
7713
7714
7716
7717
7720
7721
7723
7724
7727
7728
7730
7731
7735
7738
7740
7741
7742
7744
7745
7746
7747
7748
7749
7754
7755
7756
7758
7764
7768
7771
7772
7773
7774
7775
7776
7777
7778
7779
7781
7782
7785
7788
7789
7791
7794
7795
7796
7797
7798
7800
7801
7803
7804
7805
7808
7809
7810
7812
7813
7814
7817
7818
7820
7821
7824
7831
7834
7837
7840
7842
7844
7848
7851
7852
7854
7856
7857
7862
7863
7865
7866
7867
7868
7869
7871
7874
7876
7883
7885
7887
7891
7893
7898
7899
7900
7902
7904
7905
7906
7911
7912
7913
7916
7917
7920
7921
7922
7923
7924
7926
7928
7930
7931
7933
7935
7936
7940
7941
7943
7945
7946
7948
7951
7954
7958
7961
7969
7970
7971
7972
7973
7974
7976
7979
7980
7983
7985
7987
7988
7989
7993
7994
7996
8000
8001
8002
8006
8008
8010
8013
8015
8017
8019
8020
8021
8023
8027
8029
8032
8033
8035
8039
8040
8041
8042
8043
8044
8046
8047
8050
8051
8052
8053
8054
8055
8056
8057
8060
8061
8062
8065
8066
8067
8068
8069
8070
8071
8073
8077
8079
8081
8086
8087
8089
8091
8092
8095
8097
8099
8100
8102
8105
8107
8108
8112
8116
8118
8119
8120
8122
8123
8124
8125
8126
8127
8128
8130
8132
8133
8134
8137
8138
8139
8140
8141
8142
8146
8147
8149
8150
8151
8154
8155
8156
8157
8161
8162
8168
8169
8170
8173
8174
8175
8179
8183
8186
8187
8190
8198
8199
8202
8206
8207
8209
8210
8211
8212
8215
8220
8221
8222
8224
8225
8227
8229
8230
8231
8233
8234
8237
8239
8240
8241
8243
8245
8246
8247
8248
8249
8250
8251
8253
8254
8255
8256
8257
8258
8259
8261
8263
8264
8265
8266
8268
8273
8280
8282
8283
8286
8289
8290
8291
8292
8297
8300
8301
8304
8306
8307
8308
8309
8312
8315
8316
8322
8335
8338
8348
8349
8350
8351
8352
8353
8354
8356
8357
8358
8359
8361
8362
8363
8364
8365
8368
8370
8371
8372
8374
8375
8377
8378
8379
8380
8382
8383
8384
8386
8387
8388
8390
8391
8393
8397
8398
8400
8401
8405
8407
8408
8413
8416
8420
8422
8423
8426
8429
8430
8438
8440
8441
8442
8444
8445
8446
8447
8448
8449
8450
8451
8454
8455
8456
8457
8458
8459
8460
8461
8462
8463
8464
8465
8467
8468
8470
8472
8474
8476
8478
8479
8480
8481
8482
8484
8490
8493
8494
8496
8499
8502
8505
8507
8508
8510
8511
8512
8513
8514
8515
8516
8520
8524
8526
8528
8531
8532
8539
8541
8542
8543
8545
8546
8549
8551
8552
8553
8554
8555
8559
8560
8561
8564
8567
8568
8569
8570
8571
8572
8573
8574
8576
8577
8579
8580
8581
8582
8584
8587
8588
8589
8590
8591
8593
8598
8600
8602
8605
8606
8608
8609
8611
8612
8614
8615
8617
8618
8620
8621
8622
8627
8630
8631
8637
8638
8643
8648
8660
8662
8663
8666
8676
8678
8682
8684
8685
8694
8698
8699
8700
8701
8703
8705
8708
8710
8711
8712
8713
8714
8715
8718
8720
8723
8724
8725
8726
8727
8731
8732
8733
8735
8736
8737
8738
8739
8741
8743
8745
8746
8748
8754
8758
8760
8761
8765
8768
8770
8771
8775
8779
8782
8783
8785
8786
8788
8789
8790
8791
8794
8797
8798
8800
8801
8805
8806
8811
8812
8814
8817
8819
8823
8825
8829
8833
8840
8841
8843
8844
8846
8847
8851
8852
8854
8855
8857
8862
8863
8867
8868
8869
8870
8872
8873
8877
8878
8880
8881
8883
8884
8888
8889
8890
8891
8892
8893
8896
8897
8898
8899
8901
8902
8904
8906
8907
8910
8911
8912
8913
8914
8915
8916
8918
8919
8920
8922
8924
8925
8926
8929
8930
8931
8935
8936
8937
8938
8939
8941
8942
8943
8944
8947
8948
8949
8958
8960
8961
8962
8965
8967
8969
8970
8972
8975
8977
8978
8979
8981
8982
8983
8985
8986
8987
8988
8989
8990
8991
8992
8993
8995
8996
8997
8998
9000
9002
9003
9004
9005
9009
9010
9014
9015
9021
9022
9023
9024
9025
9027
9028
9029
9032
9033
9034
9037
9038
9039
9040
9041
9043
9047
9050
9052
9053
9054
9055
9061
9063
9066
9068
9069
9071
9072
9073
9076
9077
9080
9082
9084
9085
9086
9088
9090
9091
9093
9094
9095
9096
9097
9099
9101
9102
9107
9108
9110
9112
9116
9118
9119
9121
9123
9124
9125
9126
9128
9129
9130
9133
9137
9142
9145
9147
9149
9152
9157
9159
9162
9164
9166
9167
9169
9170
9178
9179
9180
9181
9182
9183
9186
9187
9188
9189
9190
9192
9194
9196
9197
9198
9200
9201
9202
9204
9205
9207
9209
9210
9211
9212
9215
9216
9219
9220
9222
9224
9225
9228
9230
9231
9236
9238
9239
9240
9245
9246
9248
9249
9253
9257
9262
9269
9271
9272
9275
9276
9281
9282
9293
9295
9297
9298
9300
9302
9303
9304
9309
9312
9313
9314
9315
9316
9318
9319
9320
9321
9325
9326
9327
9330
9331
9332
9333
9334
9336
9337
9338
9340
9341
9342
9345
9347
9348
9349
9351
9352
9353
9354
9355
9356
9358
9359
9360
9362
9363
9369
9370
9371
9372
9373
9374
9375
9376
9377
9378
9382
9384
9385
9387
9388
9391
9392
9393
9394
9395
9396
9398
9399
9400
9401
9402
9404
9405
9407
9409
9411
9413
9416
9419
9420
9421
9423
9428
9429
9433
9434
9435
9436
9437
9438
9439
9440
9441
9442
9443
9444
9446
9447
9451
9452
9453
9455
9458
9462
9463
9465
9466
9470
9473
9475
9476
9478
9479
9480
9481
9482
9486
9487
9488
9490
9491
9492
9493
9495
9497
9499
9500
9504
9505
9509
9511
9512
9513
9514
9518
9519
9522
9523
9524
9527
9529
9530
9531
9532
9534
9535
9536
9538
9539
9541
9544
9546
9548
9560
9561
9563
9570
9571
9587
9588
9589
9592
9594
9596
9597
9599
9600
9601
9604
9607
9612
9613
9615
9616
9617
9619
9620
9622
9623
9625
9626
9628
9630
9631
9634
9635
9638
9643
9646
9647
9648
9649
9650
9651
9652
9653
9654
9656
9657
9658
9659
9660
9661
9662
9663
9667
9669
9671
9673
9677
9679
9680
9681
9682
9683
9684
9685
9686
9687
9688
9689
9690
9691
9692
9693
9694
9695
9696
9700
9701
9703
9705
9706
9707
9708
9709
9711
9713
9714
9715
9716
9717
9718
9720
9721
9722
9723
9724
9726
9728
9729
9731
9732
9733
9734
9735
9737
9738
9739
9740
9741
9742
9743
9744
9748
9749
9750
9752
9754
9755
9759
9760
9762
9763
9765
9766
9767
9770
9772
9773
9776
9777
9782
9783
9784
9785
9786
9787
9790
9793
9794
9795
9798
9801
9802
9803
9804
9806
9807
9808
9809
9810
9815
9816
9817
9821
9823
9824
9825
9828
9829
9832
9837
9839
9840
9842
9843
9844
9848
9849
9850
9852
9853
9854
9855
9856
9862
9865
9866
9868
9872
9875
9876
9879
9880
9881
9884
9885
9886
9887
9888
9889
9894
9895
9896
9897
9900
9901
9902
9905
9906
9907
9908
9910
9912
9916
9917
9918
9919
9920
9922
9923
9924
9925
9926
9927
9930
9931
9932
9933
9934
9935
9936
9937
9938
9939
9940
9941
9942
9943
9944
9945
9946
9947
9948
9949
9950
9951
9953
9954
9955
9956
9957
9958
9959
9960
9961
9962
9963
9964
9966
9967
9968
9969
9972
9973
9974
9976
9978
9982
9992
9993
9994
9995
9996
9999
10001
10003
10004
10006
10007
10008
10009
10011
10012
10013
10014
10016
10017
10020
10022
10023
10024
10025
10026
10027
10030
10031
10033
10034
10037
10038
10040
10041
10042
10045
10046
10047
10049
10050
10051
10053
10054
10055
10056
10057
10058
10061
10062
10063
10065
10067
10068
10070
10073
10075
10080
10081
10082
10084
10086
10088
10093
10095
10097
10098
10099
10101
10102
10103
10106
10109
10110
10112
10113
10114
10115
10117
10118
10121
10122
10123
10126
10127
10129
10131
10136
10137
10138
10140
10142
10143
10145
10149
10151
10153
10156
10160
10161
10162
10163
10164
10165
10166
10167
10168
10170
10171
10172
10174
10175
10176
10178
10179
10186
10187
10188
10189
10190
10192
10193
10194
10195
10196
10197
10198
10199
10200
10201
10202
10204
10206
10209
10210
10211
10213
10215
10216
10217
10220
10224
10225
10227
10228
10229
10230
10231
10233
10237
10239
10242
10243
10245
10246
10249
10253
10254
10255
10257
10258
10259
10260
10261
10262
10263
10264
10265
10266
10267
10268
10269
10270
10271
10272
10273
10274
10275
10276
10277
10278
10279
10284
10285
10286
10287
10289
10290
10292
10293
10296
10297
10300
10302
10305
10306
10307
10308
10309
10310
10311
10313
10314
10315
10316
10318
10322
10323
10324
10326
10327
10328
10329
10330
10332
10333
10334
10336
10337
10338
10339
10340
10341
10342
10345
10346
10347
10348
10351
10353
10354
10355
10361
10362
10363
10366
10368
10369
10375
10376
10382
10384
10387
10389
10393
10396
10399
10400
10401
10402
10403
10404
10406
10407
10412
10417
10418
10419
10421
10424
10425
10426
10428
10433
10434
10445
10451
10453
10454
10455
10458
10467
10471
10473
10476
10477
10479
10480
10484
10489
10492
10493
10494
10501
10502
10506
10509
10511
10512
10514
10515
10516
10517
10518
10519
10520
10522
10523
10524
10525
10526
10527
10528
10529
10532
10534
10535
10538
10540
10541
10542
10543
10544
10545
10546
10548
10549
10550
10551
10552
10553
10554
10555
10556
10557
10559
10560
10561
10562
10563
10564
10565
10567
10568
10571
10573
10574
10575
10577
10578
10579
10580
10581
10582
10583
10584
10585
10586
10587
10590
10592
10596
10597
10601
10602
10603
10607
10609
10616
10618
10619
10622
10624
10625
10626
10628
10629
10631
10632
10633
10635
10637
10638
10641
10646
10648
10650
10652
10654
10655
10656
10658
10661
10662
10663
10665
10667
10669
10670
10671
10674
10675
10676
10677
10678
10679
10680
10682
10687
10689
10690
10692
10693
10694
10697
10699
10703
10704
10708
10710
10711
10712
10713
10714
10715
10716
10717
10718
10719
10725
10726
10727
10728
10731
10732
10734
10737
10738
10739
10740
10741
10742
10744
10745
10746
10747
10748
10749
10751
10754
10756
10760
10761
10762
10763
10764
10768
10769
10770
10771
10774
10776
10777
10778
10779
10780
10782
10786
10788
10789
10791
10793
10794
10795
10796
10797
10799
10800
10802
10803
10804
10807
10809
10810
10811
10813
10816
10817
10818
10819
10820
10822
10824
10825
10826
10827
10828
10830
10833
10838
10842
10844
10846
10847
10848
10849
10850
10851
10852
10853
10854
10860
10861
10864
10865
10867
10869
10870
10871
10872
10873
10874
10875
10877
10878
10879
10881
10882
10883
10885
10886
10887
10888
10891
10892
10893
10897
10903
10905
10906
10907
10908
10909
10911
10912
10914
10915
10916
10917
10918
10921
10922
10923
10925
10926
10927
10929
10930
10933
10934
10935
10936
10937
10939
10943
10945
10954
10955
10956
10957
10960
10961
10962
10963
10964
10965
10967
10968
10970
10971
10974
10975
10976
10977
10980
10981
10982
10983
10988
10989
10990
10991
10993
10994
10995
10996
10997
10999
11000
11001
11003
11004
11005
11007
11008
11009
11010
11011
11012
11013
11014
11015
11018
11019
11020
11021
11022
11023
11028
11029
11030
11031
11032
11033
11034
11037
11038
11039
11040
11041
11042
11043
11044
11048
11051
11054
11057
11058
11061
11063
11072
11075
11076
11078
11080
11081
11082
11083
11084
11085
11086
11087
11089
11092
11095
11097
11099
11102
11104
11107
11108
11109
11110
11111
11113
11117
11118
11119
11121
11122
11126
11127
11129
11130
11131
11132
11134
11135
11137
11138
11139
11141
11142
11143
11144
11145
11146
11147
11149
11151
11152
11153
11154
11155
11156
11157
11158
11159
11160
11162
11163
11165
11166
11167
11168
11169
11170
11171
11173
11174
11175
11177
11178
11179
11181
11183
11184
11185
11187
11188
11189
11190
11191
11193
11194
11198
11199
11200
11201
11202
11203
11204
11205
11206
11208
11209
11210
11212
11213
11215
11216
11217
11218
11221
11222
11223
11224
11232
11234
11236
11239
11240
11243
11244
11246
11247
11248
11249
11250
11251
11252
11253
11254
11255
11258
11259
11260
11261
11263
11264
11265
11266
11270
11271
11273
11275
11276
11279
11280
11281
11282
11283
11285
11287
11289
11291
11292
11294
11295
11296
11297
11298
11299
11304
11305
11306
11308
11309
11310
11311
11312
11313
11314
11315
11316
11317
11319
11320
11321
11322
11324
11325
11328
11331
11332
11334
11335
11336
11337
11338
11339
11341
11343
11345
11346
11347
11348
11349
11350
11354
11356
11357
11358
11359
11360
11361
11364
11365
11367
11368
11369
11370
11371
11372
11373
11375
11378
11382
11385
11389
11391
11392
11393
11394
11395
11398
11399
11402
11404
11405
11406
11407
11408
11410
11411
11413
11415
11416
11419
11420
11424
11429
11430
11432
11435
11436
11438
11439
11440
11441
11442
11443
11444
11445
11447
11448
11451
11455
11458
11459
11461
11462
11463
11471
11472
11476
11481
11482
11483
11484
11485
11490
11492
11493
11494
11497
11504
11506
11512
11513
11514
11515
11518
11522
11523
11524
11526
11527
11528
11529
11530
11534
11537
11539
11542
11543
11544
11545
11548
11549
11555
11557
11558
11559
11561
11562
11563
11564
11565
11566
11569
11570
11572
11573
11574
11575
11577
11579
11581
11582
11584
11587
11588
11589
11590
11591
11594
11595
11597
11602
11604
11605
11606
11608
11610
11611
11612
11613
11616
11617
11618
11619
11620
11621
11622
11624
11625
11626
11627
11629
11632
11635
11638
11639
11642
11644
11645
11646
11647
11648
11653
11654
11655
11657
11658
11659
11665
11666
11667
11668
11669
11670
11671
11673
11674
11675
11676
11677
11678
11679
11680
11683
11684
11685
11687
11688
11689
11690
11692
11695
11699
11700
11701
11702
11703
11704
11705
11706
11708
11709
11710
11711
11713
11714
11715
11717
11718
11720
11721
11722
11723
11724
11725
11727
11730
11731
11734
11736
11737
11738
11739
11740
11741
11742
11743
11744
11746
11747
11748
11749
11750
11751
11754
11755
11756
11758
11760
11762
11763
11764
11765
11766
11767
11768
11769
11770
11771
11772
11773
11774
11777
11778
11780
11782
11783
11784
11786
11787
11788
11789
11790
11791
11793
11795
11796
11798
11799
11804
11805
11808
11809
11811
11815
11817
11818
11819
11820
11823
11824
11825
11826
11827
11828
11831
11834
11835
11836
11837
11840
11841
11846
11847
11848
11849
11850
11851
11852
11853
11854
11855
11856
11858
11859
11861
11862
11863
11864
11865
11866
11867
11868
11869
11870
11871
11872
11873
11874
11875
11878
11880
11882
11885
11887
11888
11889
11890
11891
11893
11897
11898
11899
11900
11901
11903
11905
11906
11907
11908
11910
11911
11912
11914
11915
11916
11917
11918
11923
11925
11927
11930
11932
11935
11936
11937
11938
11939
11940
11941
11942
11943
11944
11945
11947
11948
11949
11951
11953
11957
11958
11964
11968
11969
11970
11971
11972
11973
11974
11985
11987
11988
11989
11991
11993
11996
11999
12001
12009
12011
12012
12013
12014
12016
12023
12024
12025
12027
12028
12029
12030
12031
12032
12033
12034
12035
12036
12037
12038
12039
12040
12041
12042
12043
12044
12045
12046
12047
12048
12050
12051
12052
12053
12054
12055
12058
12059
12060
12061
12062
12063
12064
12067
12068
12071
12072
12073
12075
12076
12077
12078
12079
12080
12081
12082
12083
12084
12085
12086
12087
12088
12090
12091
12092
12093
12094
12096
12097
12098
12099
12100
12101
12102
12104
12105
12106
12107
12108
12109
12110
12112
12113
12114
12115
12120
12121
12122
12123
12124
12125
12126
12130
12132
12133
12134
12136
12137
12138
12139
12146
12148
12150
12152
12153
12154
12156
12157
12158
12161
12162
12163
12165
12168
12170
12171
12172
12173
12177
12178
12181
12182
12183
12184
12185
12186
12187
12188
12190
12191
12192
12193
12194
12197
12198
12199
12200
12201
12202
12203
12205
12206
12207
12208
12209
12210
12211
12212
12214
12217
12219
12221
12223
12227
12232
12233
12241
12242
12244
12246
12247
12248
12251
12252
12253
12254
12255
12256
12257
12258
12259
12260
12261
12262
12263
12264
12265
12266
12268
12269
12271
12273
12274
12276
12277
12278
12279
12282
12283
12286
12287
12289
12290
12291
12292
12293
12294
12298
12299
12300
12301
12302
12305
12308
12309
12315
12316
12317
12318
12320
12321
12323
12325
12326
12332
12333
12334
12338
12339
12340
12341
12342
12343
12345
12347
12348
12349
12350
12351
12352
12353
12354
12355
12357
12358
12359
12362
12363
12364
12365
12366
12367
12368
12370
12371
12372
12373
12374
12375
12376
12377
12378
12379
12380
12382
12385
12386
12389
12390
12392
12393
12394
12395
12396
12398
12399
12400
12401
12402
12404
12406
12407
12408
12409
12410
12412
12414
12416
12417
12418
12419
12420
12422
12423
12424
12426
12427
12428
12429
12430
12431
12433
12434
12435
12437
12438
12440
12442
12443
12444
12445
12446
12448
12452
12454
12458
12459
12460
12461
12462
12464
12465
12469
12470
12472
12473
12475
12479
12480
12481
12482
12483
12484
12485
12486
12487
12489
12490
12491
12495
12497
12499
12500
12502
12504
12505
12506
12507
12508
12509
12510
12514
12515
12516
12517
12518
12519
12520
12521
12522
12523
12530
12534
12537
12538
12539
12540
12541
12542
12546
12547
12548
12549
12550
12551
12552
12553
12554
12555
12557
12559
12562
12563
12565
12566
12567
12570
12571
12572
12574
12575
12576
12577
12578
12579
12580
12583
12585
12586
12587
12588
12589
12590
12591
12592
12594
12598
12599
12603
12604
12610
12611
12612
12615
12616
12617
12620
12622
12627
12631
12632
12637
12646
12648
12649
12650
12651
12652
12653
12655
12656
12657
12658
12659
12660
12661
12662
12663
12664
12666
12667
12668
12669
12670
12671
12674
12677
12678
12680
12681
12682
12683
12684
12685
12686
12687
12688
12693
12695
12696
12697
12698
12700
12702
12704
12705
12706
12707
12709
12710
12711
12712
12718
12719
12720
12721
12722
12723
12726
12727
12728
12729
12730
12732
12733
12734
12736
12737
12738
12739
12741
12742
12744
12745
12746
12747
12748
12750
12751
12754
12756
12757
12758
12760
12762
12765
12766
12771
12773
12774
12776
12780
12782
12789
12792
12793
12794
12798
12800
12801
12804
12805
12806
12808
12813
12816
12817
12818
12819
12823
12824
12829
12831
12832
12834
12835
12837
12838
12839
12841
12842
12843
12844
12845
12846
12847
12848
12850
12851
12852
12853
12856
12858
12861
12863
12865
12866
12870
12872
12873
12874
12875
12876
12877
12879
12883
12887
12890
12893
12895
12902
12903
12908
12909
12912
12913
12915
12916
12917
12918
12919
12920
12922
12923
12926
12939
12944
12945
12946
12948
12949
12951
12952
12953
12955
12956
12957
12958
12959
12960
12961
12962
12963
12964
12965
12966
12967
12968
12969
12970
12971
12972
12973
12974
12975
12976
12977
12979
12980
12981
12982
12987
12989
12991
12992
12995
12997
13003
13004
13005
13006
13008
13009
13012
13017
13024
13040
13042
13043
13044
13045
13046
13047
13049
13050
13053
13054
13055
13056
13057
13058
13059
13060
13061
13062
13063
13064
13065
13066
13067
13068
13069
13070
13072
13073
13074
13075
13076
13077
13079
13080
13081
13082
13084
13086
13088
13091
13092
13096
13098
13100
13101
13102
13103
13104
13107
13110
13111
13112
13113
13114
13117
13118
13119
13122
13124
13126
13127
13128
13129
13131
13132
13133
13135
13136
13137
13139
13140
13143
13144
13148
13149
13150
13151
13154
13155
13156
13158
13159
13161
13162
13163
13164
13166
13167
13170
13172
13173
13176
13177
13179
13182
13183
13185
13186
13187
13188
13190
13191
13192
13193
13194
13195
13196
13200
13201
13202
13203
13204
13205
13206
13207
13208
13210
13211
13212
13213
13214
13215
13216
13217
13218
13220
13221
13222
13223
13224
13225
13226
13227
13228
13230
13232
13233
13234
13235
13236
13237
13238
13239
13241
13242
13243
13244
13245
13246
13247
13248
13249
13250
13251
13252
13253
13254
13255
13256
13257
13260
13261
13262
13264
13266
13270
13271
13279
13283
13284
13286
13287
13289
13290
13291
13294
13295
13296
13297
13298
13300
13302
13303
13305
13307
13309
13317
13320
13321
13322
13323
13324
13325
13326
13329
13330
13331
13332
13333
13334
13336
13338
13342
13343
13344
13346
13348
13350
13351
13353
13355
13356
13357
13360
13364
13365
13367
13368
13369
13370
13371
13373
13376
13379
13380
13381
13382
13383
13385
13387
13388
13391
13392
13393
13394
13395
13396
13397
13398
13399
13400
13401
13402
13404
13405
13409
13410
13411
13415
13417
13418
13419
13420
13421
13422
13424
13426
13427
13428
13429
13430
13432
13435
13437
13438
13440
13442
13444
13445
13447
13449
13450
13451
13452
13453
13454
13455
13456
13457
13458
13459
13460
13462
13463
13464
13465
13466
13467
13468
13469
13470
13471
13472
13473
13474
13476
13479
13484
13486
13488
13490
13491
13492
13494
13495
13497
13498
13500
13501
13502
13505
13506
13509
13510
13511
13512
13513
13515
13518
13519
13521
13523
13524
13525
13526
13529
13531
13532
13533
13534
13535
13536
13537
13539
13540
13545
13547
13548
13549
13550
13551
13552
13553
13554
13556
13557
13559
13560
13561
13562
13563
13564
13565
13567
13568
13569
13570
13571
13572
13577
13578
13580
13581
13582
13593
13594
13596
13597
13598
13599
13600
13601
13602
13603
13604
13605
13606
13608
13613
13614
13615
13616
13619
13620
13621
13624
13628
13629
13630
13631
13632
13635
13636
13637
13638
13641
13643
13644
13645
13646
13647
13648
13650
13652
13653
13654
13655
13656
13657
13658
13659
13660
13661
13663
13664
13665
13666
13667
13670
13671
13672
13675
13678
13679
13680
13681
13684
13685
13687
13690
13691
13693
13694
13696
13700
13701
13702
13704
13705
13706
13707
13710
13711
13712
13713
13715
13716
13717
13718
13719
13720
13721
13722
13723
13724
13725
13726
13727
13728
13730
13731
13732
13733
13736
13737
13739
13741
13742
13743
13746
13748
13749
13751
13752
13753
13761
13762
13764
13765
13766
13768
13771
13772
13773
13775
13777
13778
13779
13781
13782
13783
13785
13786
13788
13789
13795
13796
13797
13798
13801
13802
13804
13805
13807
13808
13809
13811
13813
13815
13816
13818
13821
13822
13823
13824
13825
13827
13828
13829
13834
13836
13839
13841
13842
13843
13844
13845
13846
13847
13848
13849
13850
13855
13859
13867
13868
13869
13870
13875
13877
13878
13879
13880
13882
13884
13885
13886
13887
13888
13889
13890
13891
13893
13894
13895
13896
13897
13898
13899
13901
13903
13904
13908
13909
13910
13911
13912
13913
13914
13915
13916
13917
13918
13919
13920
13921
13923
13925
13926
13928
13929
13931
13932
13933
13934
13937
13938
13939
13940
13941
13942
13944
13945
13947
13948
13949
13950
13951
13952
13953
13954
13955
13956
13957
13958
13959
13960
13961
13962
13963
13964
13966
13967
13970
13973
13974
13975
13976
13977
13978
13979
13981
13984
13985
13986
13987
13988
13989
13990
13991
13993
13994
13995
13996
13997
13998
13999
14001
14002
14003
14007
14008
14009
14010
14012
14013
14014
14015
14016
14018
14019
14020
14022
14023
14024
14025
14026
14027
14028
14029
14030
14031
14032
14033
14034
14035
14036
14037
14040
14044
14045
14047
14051
14052
14053
14055
14056
14057
14059
14060
14061
14064
14066
14067
14071
14074
14075
14077
14078
14079
14080
14081
14083
14086
14087
14088
14090
14093
14094
14095
14098
14099
14100
14102
14103
14104
14106
14107
14108
14110
14112
14113
14117
14118
14119
14120
14121
14122
14125
14128
14129
14130
14131
14132
14133
14134
14135
14136
14138
14139
14140
14141
14142
14143
14144
14145
14146
14147
14148
14149
14150
14151
14152
14155
14156
14157
14158
14159
14161
14162
14163
14164
14165
14168
14169
14171
14172
14175
14177
14178
14180
14182
14184
14185
14186
14189
14190
14192
14193
14194
14197
14198
14199
14200
14201
14203
14204
14205
14208
14209
14210
14217
14219
14220
14221
14224
14225
14226
14227
14228
14229
14230
14231
14232
14233
14234
14235
14237
14240
14241
14242
14244
14245
14246
14247
14248
14249
14250
14251
14252
14253
14254
14255
14258
14260
14261
14262
14263
14264
14267
14268
14271
14274
14277
14278
14279
14280
14282
14283
14287
14288
14290
14291
14292
14293
14294
14295
14297
14298
14300
14301
14303
14304
14305
14306
14309
14310
14311
14312
14313
14314
14320
14321
14322
14323
14324
14325
14326
14327
14328
14329
14330
14331
14332
14335
14337
14338
14341
14343
14344
14345
14349
14350
14352
14353
14354
14355
14356
14357
14358
14359
14361
14362
14372
14373
14380
14382
14385
14386
14387
14390
14392
14398
14399
14400
14401
14409
14414
14422
14427
14430
14431
14437
14440
14448
14450
14451
14452
14455
14457
14458
14459
14460
14461
14462
14464
14465
14470
14471
14472
14474
14475
14476
14478
14479
14480
14481
14484
14485
14486
14487
14490
14491
14493
14494
14495
14496
14498
14501
14503
14508
14510
14511
14512
14513
14515
14516
14517
14519
14522
14523
14525
14528
14529
14530
14531
14533
14534
14535
14536
14537
14538
14540
14542
14545
14547
14550
14551
14552
14554
14555
14557
14558
14561
14564
14565
14567
14569
14570
14571
14572
14573
14576
14578
14579
14581
14583
14584
14586
14588
14593
14594
14595
14596
14597
14598
14599
14600
14601
14602
14603
14604
14606
14607
14608
14610
14611
14612
14613
14615
14616
14618
14619
14621
14622
14625
14626
14627
14628
14629
14630
14631
14632
14633
14634
14635
14638
14639
14640
14644
14647
14648
14649
14653
14657
14661
14663
14665
14666
14669
14670
14672
14673
14674
14675
14677
14681
14682
14683
14684
14685
14688
14689
14690
14691
14692
14693
14694
14695
14696
14697
14698
14700
14701
14702
14704
14706
14707
14708
14710
14711
14712
14713
14714
14715
14717
14720
14722
14723
14725
14727
14728
14729
14734
14735
14738
14739
14740
14742
14745
14747
14748
14749
14750
14751
14754
14756
14757
14762
14763
14764
14765
14767
14768
14770
14772
14773
14774
14776
14777
14778
14780
14781
14782
14784
14786
14788
14789
14790
14791
14792
14795
14797
14799
14800
14801
14802
14803
14804
14805
14806
14809
14810
14811
14813
14814
14816
14817
14820
14822
14824
14826
14828
14829
14830
14831
14833
14834
14835
14837
14839
14840
14842
14844
14845
14847
14849
14851
14856
14857
14860
14861
14862
14865
14869
14870
14871
14872
14873
14874
14877
14879
14880
14881
14883
14884
14885
14886
14887
14888
14889
14890
14891
14892
14893
14896
14900
14901
14903
14905
14906
14907
14908
14909
14910
14912
14913
14914
14915
14916
14917
14918
14923
14924
14926
14927
14928
14930
14932
14936
14938
14939
14943
14950
14952
14953
14954
14958
14960
14961
14962
14963
14966
14967
14968
14969
14970
14971
14972
14973
14975
14976
14977
14979
14980
14981
14982
14984
14985
14986
14988
14989
14990
14997
14998
15001
15002
15003
15004
15005
15006
15007
15008
15009
15010
15011
15012
15013
15014
15015
15016
15017
15018
15019
15020
15021
15025
15026
15027
15028
15029
15030
15031
15033
15034
15036
15039
15042
15049
15050
15051
15057
15063
15064
15065
15066
15067
15068
15069
15070
15071
15072
15073
15074
15076
15078
15080
15081
15082
15083
15085
15087
15088
15090
15091
15093
15094
15095
15096
15097
15098
15100
15101
15102
15104
15105
15106
15107
15108
15110
15113
15114
15115
15116
15117
15118
15119
15120
15121
15122
15123
15124
15125
15127
15128
15130
15131
15132
15134
15137
15139
15142
15143
15144
15146
15148
15149
15150
15151
15152
15153
15155
15157
15158
15159
15160
15161
15162
15164
15165
15166
15167
15168
15169
15170
15171
15174
15175
15176
15177
15178
15179
15180
15181
15182
15183
15184
15186
15187
15188
15189
15192
15193
15194
15195
15196
15197
15198
15199
15200
15202
15203
15204
15205
15207
15208
15209
15210
15211
15212
15213
15214
15215
15216
15217
15218
15219
15221
15222
15223
15224
15225
15226
15227
15228
15229
15230
15231
15232
15233
15234
15235
15236
15237
15238
15239
15240
15241
15242
15243
15244
15245
15246
15247
15248
15249
15250
15252
15253
15254
15255
15256
15257
15258
15259
15260
15261
15263
15264
15267
15271
15273
15276
15278
15279
15280
15282
15283
15284
15285
15286
15287
15288
15289
15290
15291
15292
15293
15294
15295
15296
15297
15298
15299
15300
15301
15302
15303
15304
15305
15307
15308
15309
15310
15313
15314
15316
15317
15319
15322
15324
15325
15326
15327
15329
15330
15332
15333
15334
15336
15337
15340
15341
15342
15344
15345
15346
15347
15349
15350
15351
15352
15353
15354
15355
15356
15357
15358
15359
15360
15362
15363
15364
15365
15366
15367
15368
15369
15370
15371
15372
15373
15374
15375
15376
15377
15378
15379
15380
15381
15383
15384
15385
15386
15387
15388
15389
15390
15391
15392
15395
15396
15397
15398
15400
15401
15402
15403
15406
15408
15409
15410
15411
15412
15415
15416
15421
15422
15424
15427
15429
15430
15431
15435
15438
15442
15462
15464
15467
15470
15478
15480
15482
15483
15484
15485
15486
15487
15490
15492
15493
15495
15496
15497
15498
15499
15501
15502
15503
15504
15505
15507
15510
15515
15517
15518
15519
15521
15522
15524
15526
15527
15529
15532
15533
15534
15535
15537
15538
15539
15540
15541
15544
15546
15547
15548
15549
15550
15551
15552
15553
15555
15556
15557
15558
15559
15560
15561
15562
15564
15565
15568
15569
15570
15571
15572
15574
15576
15578
15579
15582
15583
15584
15585
15587
15588
15589
15590
15593
15594
15595
15596
15599
15600
15601
15602
15603
15604
15606
15609
15615
15620
15621
15622
15623
15624
15625
15626
15628
15631
15632
15633
15634
15636
15637
15638
15639
15641
15645
15647
15648
15649
15650
15653
15655
15656
15657
15658
15660
15662
15666
15668
15670
15673
15675
15676
15677
15678
15680
15687
15688
15689
15690
15691
15693
15694
15695
15696
15698
15699
15700
15701
15703
15704
15709
15710
15711
15712
15713
15714
15715
15716
15717
15718
15719
15720
15721
15722
15723
15724
15726
15727
15728
15729
15730
15731
15732
15733
15734
15735
15736
15737
15738
15739
15740
15742
15743
15744
15745
15746
15747
15748
15750
15751
15752
15753
15756
15757
15758
15759
15760
15761
15763
15765
15767
15768
15769
15770
15772
15775
15776
15777
15780
15783
15785
15787
15791
15792
15793
15794
15795
15798
15799
15801
15802
15803
15805
15806
15808
15809
15811
15813
15814
15817
15820
15823
15824
15825
15830
15831
15834
15835
15836
15838
15839
15840
15842
15845
15848
15850
15851
15852
15853
15854
15858
15860
15863
15865
15868
15872
15873
15876
15881
15882
15883
15885
15886
15887
15888
15889
15891
15892
15893
15894
15895
15896
15897
15898
15899
15900
15901
15902
15903
15904
15905
15906
15907
15908
15911
15912
15914
15916
15918
15919
15920
15922
15924
15925
15926
15927
15928
15929
15930
15931
15933
15934
15935
15936
15937
15938
15939
15940
15941
15942
15943
15944
15945
15946
15947
15948
15949
15950
15951
15953
15954
15957
15962
15963
15964
15965
15967
15968
15969
15970
15971
15972
15977
15978
15979
15980
15981
15982
15983
15984
15988
15989
15992
15993
15994
15995
15997
15999
16000
16001
16002
16008
16009
16010
16013
16014
16015
16020
16021
16023
16024
16025
16026
16030
16032
16035
16036
16037
16039
16042
16043
16046
16047
16051
16054
16055
16058
16062
16065
16067
16068
16069
16070
16071
16072
16073
16074
16077
16078
16082
16084
16085
16086
16088
16089
16090
16096
16097
16098
16101
16106
16107
16109
16110
16112
16115
16116
16117
16118
16120
16121
16124
16126
16128
16129
16130
16131
16132
16133
16134
16135
16136
16138
16140
16141
16142
16143
16144
16145
16146
16147
16148
16149
16150
16151
16152
16153
16154
16155
16156
16157
16158
16159
16160
16161
16162
16167
16169
16170
16171
16172
16174
16175
16176
16177
16178
16180
16181
16182
16183
16185
16186
16187
16189
16190
16191
16192
16193
16195
16198
16199
16200
16201
16203
16205
16206
16207
16208
16209
16210
16211
16213
16215
16216
16217
16218
16219
16220
16221
16222
16223
16225
16227
16229
16230
16231
16232
16235
16239
16242
16243
16244
16246
16247
16249
16253
16254
16255
16257
16258
16259
16260
16261
16262
16263
16265
16271
16272
16273
16275
16277
16281
16283
16285
16286
16288
16289
16290
16291
16292
16293
16294
16295
16297
16298
16299
16301
16302
16303
16307
16310
16312
16315
16316
16318
16319
16322
16323
16324
16325
16327
16330
16331
16332
16333
16334
16335
16337
16340
16341
16343
16345
16352
16353
16354
16355
16359
16360
16362
16363
16364
16365
16366
16367
16369
16370
16371
16372
16373
16380
16382
16383
16385
16387
16388
16389
16390
16392
16394
16395
16396
16397
16398
16399
16400
16401
16402
16404
16405
16406
16407
16409
16410
16411
16412
16413
16414
16415
16417
16418
16420
16421
16422
16423
16424
16425
16426
16427
16428
16429
16430
16431
16432
16433
16434
16435
16436
16437
16438
16439
16440
16441
16442
16445
16446
16448
16449
16450
16451
16452
16453
16454
16455
16456
16457
16458
16459
16460
16461
16462
16463
16467
16471
16473
16475
16476
16477
16478
16479
16480
16483
16486
16487
16488
16489
16490
16491
16493
16495
16499
16500
16501
16502
16504
16506
16507
16508
16509
16510
16511
16513
16514
16515
16516
16517
16518
16520
16521
16522
16523
16526
16527
16529
16530
16531
16533
16534
16535
16536
16537
16538
16540
16543
16545
16546
16547
16548
16549
16550
16551
16553
16554
16556
16557
16558
16559
16560
16563
16564
16566
16567
16568
16569
16570
16572
16573
16574
16575
16576
16578
16579
16581
16583
16584
16587
16588
16589
16591
16592
16593
16594
16595
16597
16598
16599
16603
16604
16607
16608
16612
16613
16614
16615
16620
16624
16626
16628
16629
16631
16632
16633
16636
16638
16639
16640
16643
16647
16651
16653
16659
16662
16665
16666
16667
16668
16669
16672
16675
16677
16680
16682
16683
16684
16685
16688
16689
16690
16691
16697
16698
16701
16702
16704
16705
16706
16708
16709
16710
16711
16712
16713
16714
16715
16716
16718
16720
16721
16722
16724
16725
16727
16728
16730
16731
16732
16733
16734
16736
16737
16738
16742
16744
16745
16747
16748
16749
16751
16752
16753
16754
16755
16756
16757
16758
16760
16761
16763
16764
16765
16766
16768
16770
16771
16772
16773
16775
16776
16777
16779
16782
16784
16785
16786
16788
16789
16790
16793
16794
16795
16798
16799
16800
16801
16802
16804
16805
16807
16809
16810
16811
16812
16813
16815
16816
16819
16820
16821
16823
16828
16830
16831
16834
16836
16837
16838
16840
16841
16847
16849
16850
16852
16853
16854
16855
16856
16857
16859
16861
16862
16863
16864
16865
16868
16869
16870
16871
16872
16873
16874
16875
16876
16877
16880
16881
16883
16885
16887
16888
16889
16890
16893
16894
16895
16898
16899
16900
16902
16903
16904
16906
16907
16909
16910
16911
16912
16913
16915
16916
16917
16918
16919
16920
16921
16925
16926
16927
16929
16930
16932
16933
16934
16943
16944
16945
16946
16947
16948
16949
16950
16951
16952
16953
16954
16955
16956
16957
16958
16959
16960
16961
16962
16963
16965
16968
16969
16971
16972
16973
16974
16975
16977
16980
16982
16983
16984
16985
16986
16987
16988
16990
16991
16994
16995
16997
16998
16999
17001
17002
17004
17005
17006
17007
17008
17011
17017
17018
17019
17020
17021
17022
17024
17025
17026
17027
17029
17030
17031
17032
17033
17034
17037
17038
17041
17043
17045
17046
17047
17048
17050
17051
17052
17053
17054
17056
17058
17060
17061
17063
17064
17065
17066
17068
17069
17070
17071
17073
17074
17087
17088
17089
17090
17091
17092
17093
17094
17095
17096
17097
17098
17099
17100
17101
17102
17103
17104
17105
17106
17107
17108
17109
17111
17112
17113
17114
17115
17116
17118
17119
17120
17122
17123
17124
17125
17126
17128
17129
17131
17133
17134
17135
17136
17138
17139
17140
17141
17142
17144
17146
17147
17148
17152
17154
17155
17156
17157
17160
17161
17162
17163
17165
17166
17167
17168
17170
17171
17172
17173
17174
17175
17176
17179
17180
17181
17183
17184
17186
17187
17189
17191
17192
17193
17195
17196
17197
17198
17199
17200
17201
17203
17205
17206
17207
17208
17209
17210
17213
17214
17215
17216
17218
17219
17221
17222
17223
17224
17225
17226
17227
17228
17229
17230
17231
17233
17234
17237
17239
17241
17242
17243
17244
17247
17248
17252
17256
17257
17258
17259
17261
17262
17264
17265
17268
17269
17270
17271
17272
17273
17274
17277
17278
17279
17281
17282
17283
17284
17285
17287
17288
17292
17293
17294
17295
17296
17297
17299
17300
17302
17304
17305
17306
17307
17309
17310
17311
17312
17313
17314
17315
17316
17317
17318
17319
17320
17321
17322
17323
17324
17329
17330
17331
17332
17333
17334
17336
17337
17340
17343
17345
17346
17348
17349
17350
17352
17353
17355
17356
17357
17358
17360
17361
17362
17363
17364
17365
17366
17367
17368
17369
17370
17371
17372
17373
17374
17376
17377
17378
17379
17380
17382
17383
17385
17386
17387
17388
17389
17390
17391
17392
17393
17394
17395
17397
17398
17399
17400
17401
17402
17403
17404
17405
17406
17407
17408
17409
17410
17411
17413
17414
17415
17416
17417
17418
17420
17421
17422
17424
17425
17426
17427
17428
17430
17432
17433
17434
17435
17436
17438
17439
17441
17443
17444
17445
17446
17447
17448
17449
17450
17452
17454
17456
17457
17458
17459
17460
17461
17462
17463
17464
17466
17467
17468
17470
17471
17472
17473
17474
17476
17477
17478
17479
17480
17481
17482
17483
17484
17485
17486
17488
17489
17490
17491
17492
17493
17494
17495
17496
17497
17498
17499
17500
17501
17502
17503
17504
17505
17506
17507
17508
17510
17511
17512
17513
17514
17516
17518
17519
17520
17521
17523
17524
17525
17526
17527
17528
17529
17530
17531
17532
17533
17534
17535
17538
17539
17540
17541
17542
17543
17545
17547
17549
17550
17551
17552
17553
17554
17555
17557
17558
17559
17560
17563
17564
17565
17566
17567
17568
17570
17573
17574
17575
17576
17577
17579
17580
17582
17583
17584
17585
17586
17588
17589
17590
17591
17594
17595
17596
17597
17599
17600
17601
17602
17603
17604
17605
17606
17607
17609
17610
17611
17612
17614
17615
17617
17620
17621
17623
17624
17625
17626
17627
17629
17630
17634
17635
17636
17639
17642
17644
17647
17651
17652
17653
17654
17655
17656
17657
17658
17659
17660
17661
17662
17663
17664
17665
17666
17667
17670
17671
17672
17674
17675
17676
17677
17679
17682
17683
17684
17688
17689
17690
17693
17695
17696
17697
17699
17700
17701
17702
17703
17704
17708
17710
17711
17712
17716
17718
17719
17721
17723
17724
17725
17726
17727
17728
17729
17730
17731
17732
17734
17736
17738
17739
17740
17741
17742
17745
17746
17748
17750
17751
17752
17753
17754
17755
17759
17760
17761
17764
17765
17766
17767
17768
17769
17770
17772
17775
17776
17777
17782
17783
17784
17785
17788
17789
17791
17792
17793
17794
17799
17803
17804
17805
17806
17809
17810
17812
17813
17818
17821
17825
17826
17827
17830
17834
17836
17838
17841
17842
17843
17844
17845
17846
17848
17849
17850
17851
17852
17853
17854
17856
17858
17859
17860
17862
17863
17867
17868
17869
17870
17871
17872
17873
17874
17875
17876
17877
17878
17881
17882
17884
17886
17890
17891
17892
17893
17898
17901
17905
17906
17907
17909
17911
17917
17918
17922
17923
17924
17925
17926
17927
17928
17929
17930
17931
17932
17933
17934
17935
17936
17937
17938
17939
17940
17941
17942
17943
17944
17945
17946
17947
17948
17949
17950
17952
17953
17954
17955
17956
17957
17958
17959
17960
17961
17962
17963
17964
17965
17966
17968
17970
17973
17974
17976
17977
17978
17979
17980
17981
17982
17983
17984
17986
17989
17990
17992
17993
17994
17995
17996
17997
17998
17999
18001
18002
18003
18006
18007
18009
18010
18011
18013
18015
18016
18018
18019
18020
18021
18022
18023
18024
18025
18026
18029
18031
18032
18033
18034
18035
18036
18038
18039
18040
18041
18043
18044
18047
18050
18051
18052
18053
18054
18056
18057
18058
18059
18060
18061
18062
18063
18064
18065
18067
18068
18072
18074
18075
18076
18078
18079
18080
18084
18085
18086
18087
18088
18090
18091
18093
18095
18097
18098
18099
18100
18101
18102
18103
18104
18106
18108
18109
18110
18111
18113
18114
18115
18116
18117
18118
18122
18124
18126
18127
18128
18130
18131
18134
18136
18137
18138
18139
18140
18141
18142
18143
18144
18145
18146
18147
18148
18149
18150
18151
18152
18153
18154
18155
18160
18161
18164
18165
18166
18167
18171
18176
18177
18178
18179
18180
18181
18182
18184
18186
18189
18190
18191
18192
18195
18196
18198
18199
18202
18204
18205
18206
18207
18208
18209
18210
18211
18212
18213
18214
18215
18217
18218
18219
18220
18221
18222
18223
18225
18226
18227
18228
18230
18231
18232
18234
18235
18236
18237
18238
18239
18240
18241
18242
18244
18245
18246
18248
18249
18250
18251
18252
18253
18254
18255
18256
18258
18259
18260
18261
18262
18264
18265
18266
18267
18268
18269
18270
18271
18272
18273
18274
18275
18276
18277
18278
18279
18280
18281
18282
18283
18285
18287
18289
18290
18291
18292
18293
18294
18295
18296
18297
18298
18300
18301
18303
18304
18305
18307
18308
18309
18310
18311
18312
18313
18314
18315
18316
18317
18318
18321
18324
18326
18327
18329
18330
18331
18332
18333
18334
18335
18336
18340
18341
18344
18345
18348
18349
18350
18351
18352
18353
18354
18355
18356
18357
18358
18359
18361
18363
18364
18365
18368
18369
18370
18371
18372
18374
18375
18377
18378
18380
18381
18382
18383
18385
18386
18388
18389
18390
18392
18393
18394
18396
18397
18398
18401
18402
18404
18405
18406
18407
18408
18409
18410
18411
18412
18413
18414
18415
18417
18418
18419
18420
18421
18422
18423
18424
18425
18426
18427
18428
18429
18430
18435
18437
18438
18439
18440
18441
18442
18444
18445
18447
18448
18449
18450
18453
18454
18457
18458
18459
18460
18462
18463
18464
18467
18468
18469
18471
18472
18473
18475
18476
18477
18478
18479
18480
18481
18483
18485
18486
18487
18490
18497
18498
18500
18501
18502
18503
18505
18507
18508
18509
18512
18514
18515
18516
18517
18518
18520
18521
18522
18523
18524
18525
18528
18529
18530
18531
18532
18534
18535
18537
18538
18539
18540
18541
18542
18543
18546
18547
18548
18549
18550
18551
18552
18553
18554
18555
18556
18557
18560
18561
18562
18563
18564
18565
18567
18568
18569
18570
18571
18572
18573
18574
18575
18576
18577
18578
18579
18581
18582
18583
18584
18585
18586
18587
18588
18589
18590
18591
18593
18594
18595
18597
18598
18599
18600
18601
18603
18604
18606
18608
18609
18610
18611
18612
18613
18616
18617
18618
18619
18620
18621
18622
18625
18626
18627
18628
18629
18630
18631
18632
18633
18634
18635
18636
18638
18639
18640
18642
18645
18646
18647
18648
18650
18651
18652
18653
18655
18657
18658
18659
18663
18665
18666
18667
18668
18670
18671
18672
18673
18675
18676
18677
18678
18679
18680
18681
18682
18683
18684
18685
18686
18687
18688
18689
18690
18691
18692
18694
18695
18697
18698
18699
18700
18701
18702
18703
18705
18707
18710
18711
18712
18714
18716
18717
18718
18719
18720
18721
18722
18724
18726
18727
18728
18729
18731
18733
18735
18740
18741
18742
18743
18745
18746
18748
18750
18753
18754
18755
18756
18757
18758
18759
18762
18764
18765
18767
18768
18770
18771
18772
18773
18775
18778
18779
18780
18788
18792
18796
18797
18798
18799
18800
18801
18802
18803
18804
18806
18808
18809
18810
18811
18812
18813
18814
18815
18816
18817
18819
18821
18822
18823
18825
18826
18827
18828
18829
18830
18831
18832
18833
18834
18835
18836
18837
18838
18839
18840
18841
18842
18843
18846
18850
18851
18852
18853
18854
18855
18857
18859
18861
18862
18863
18864
18868
18869
18870
18871
18872
18873
18874
18875
18877
18878
18879
18882
18884
18885
18886
18888
18889
18890
18891
18892
18893
18894
18896
18897
18898
18899
18900
18902
18903
18904
18905
18906
18908
18910
18912
18914
18915
18916
18917
18921
18922
18924
18925
18926
18927
18929
18930
18932
18933
18935
18938
18939
18941
18942
18944
18945
18946
18947
18950
18952
18953
18954
18957
18958
18959
18960
18961
18963
18964
18965
18966
18970
18971
18972
18973
18976
18977
18978
18979
18980
18981
18983
18984
18985
18989
18991
18992
18993
18995
18996
18998
19001
19003
19004
19005
19008
19009
19010
19011
19012
19013
19014
19016
19017
19019
19020
19022
19023
19025
19026
19027
19028
19029
19030
19031
19032
19034
19035
19036
19037
19038
19039
19040
19044
19045
19046
19047
19048
19049
19050
19051
19052
19054
19058
19059
19060
19063
19066
19067
19071
19072
19073
19074
19075
19076
19079
19081
19082
19084
19085
19086
19087
19088
19090
19092
19093
19094
19095
19096
19097
19098
19099
19100
19101
19102
19103
19104
19106
19107
19108
19110
19111
19115
19116
19117
19118
19119
19120
19121
19122
19123
19124
19128
19129
19130
19131
19132
19133
19135
19136
19137
19138
19139
19140
19141
19142
19143
19144
19145
19146
19147
19148
19149
19150
19151
19153
19154
19156
19157
19160
19161
19163
19164
19165
19166
19167
19168
19169
19171
19172
19174
19175
19176
19177
19180
19182
19183
19187
19188
19191
19192
19194
19195
19196
19197
19198
19199
19201
19202
19203
19204
19206
19210
19211
19212
19213
19214
19215
19216
19217
19219
19220
19221
19223
19225
19226
19228
19229
19230
19231
19232
19236
19237
19238
19239
19240
19241
19244
19245
19247
19252
19253
19254
19255
19256
19257
19260
19261
19262
19267
19268
19269
19272
19274
19275
19278
19279
19280
19281
19282
19283
19284
19285
19287
19288
19289
19290
19292
19293
19294
19295
19296
19297
19298
19299
19300
19301
19302
19303
19304
19305
19306
19307
19308
19310
19311
19312
19313
19314
19316
19317
19318
19319
19320
19322
19323
19324
19326
19327
19328
19329
19330
19331
19332
19333
19334
19335
19336
19337
19338
19340
19342
19343
19344
19345
19346
19347
19349
19350
19351
19353
19354
19355
19356
19357
19358
19359
19360
19361
19362
19364
19365
19366
19367
19369
19370
19371
19372
19373
19374
19375
19376
19377
19378
19379
19380
19381
19382
19383
19384
19385
19386
19387
19388
19389
19390
19391
19392
19394
19395
19396
19397
19398
19399
19400
19401
19402
19403
19404
19405
19406
19408
19410
19411
19412
19413
19414
19415
19416
19417
19418
19419
19421
19422
19423
19425
19426
19428
19429
19432
19433
19434
19435
19436
19437
19438
19439
19440
19441
19443
19444
19445
19446
19447
19449
19451
19452
19454
19455
19456
19457
19458
19459
19460
19461
19462
19463
19464
19465
19466
19467
19469
19471
19472
19474
19476
19478
19480
19481
19482
19483
19484
19485
19486
19487
19489
19490
19491
19492
19493
19495
19496
19497
19498
19499
19500
19501
19503
19504
19505
19507
19508
19509
19511
19513
19514
19516
19517
19519
19520
19521
19525
19527
19530
19531
19532
19533
19534
19536
19537
19538
19541
19542
19543
19544
19545
19546
19547
19548
19550
19551
19552
19553
19554
19555
19556
19557
19558
19559
19561
19562
19563
19565
19566
19569
19572
19573
19574
19575
19577
19579
19582
19584
19585
19586
19587
19588
19590
19591
19593
19594
19595
19596
19597
19598
19600
19601
19602
19603
19604
19605
19606
19607
19608
19609
19610
19612
19613
19614
19615
19616
19617
19618
19619
19620
19621
19622
19623
19625
19626
19628
19630
19631
19632
19633
19634
19636
19638
19639
19640
19641
19642
19644
19645
19646
19647
19648
19650
19651
19652
19654
19655
19656
19657
19658
19659
19660
19661
19664
19665
19666
19667
19668
19669
19670
19671
19672
19673
19674
19675
19678
19679
19680
19681
19682
19683
19684
19685
19686
19687
19688
19689
19691
19692
19693
19695
19696
19697
19699
19702
19703
19704
19705
19706
19708
19711
19712
19714
19715
19717
19720
19724
19725
19727
19728
19729
19731
19732
19736
19738
19739
19740
19742
19743
19745
19746
19748
19749
19750
19751
19752
19754
19756
19758
19760
19761
19762
19763
19765
19767
19769
19770
19771
19772
19773
19774
19777
19778
19781
19783
19784
19785
19789
19792
19793
19795
19796
19797
19799
19800
19801
19802
19803
19804
19805
19806
19807
19808
19809
19810
19811
19812
19814
19815
19817
19818
19819
19820
19821
19823
19824
19825
19826
19827
19829
19830
19831
19832
19833
19834
19835
19836
19837
19838
19839
19840
19841
19842
19843
19844
19846
19848
19849
19850
19851
19854
19855
19856
19857
19858
19859
19860
19861
19867
19868
19869
19870
19874
19875
19876
19877
19881
19886
19887
19888
19889
19890
19891
19893
19894
19897
19898
19899
19900
19901
19903
19904
19906
19909
19912
19913
19915
19916
19918
19919
19923
19924
19925
19926
19928
19929
19930
19931
19932
19934
19935
19936
19937
19938
19939
19940
19941
19942
19943
19946
19952
19953
19955
19956
19957
19958
19961
19962
19963
19964
19965
19966
19967
19968
19969
19970
19971
19972
19973
19974
19975
19976
19978
19979
19980
19981
19982
19984
19985
19986
19987
19988
19989
19990
19992
19993
19994
19995
19996
19997
19999
20000
20001
20002
20004
20005
20008
20009
20010
20011
20012
20013
20014
20015
20016
20017
20018
20019
20020
20021
20022
20023
20024
20025
20026
20027
20028
20029
20030
20031
20032
20033
20034
20035
20037
20038
20040
20041
20042
20043
20044
20045
20046
20047
20048
20049
20050
20051
20052
20054
20055
20057
20058
20059
20060
20061
20062
20063
20064
20065
20067
20068
20069
20070
20071
20072
20073
20075
20080
20082
20083
20085
20086
20089
20090
20091
20092
20093
20095
20096
20097
20100
20101
20102
20104
20105
20106
20107
20108
20109
20110
20112
20113
20114
20115
20117
20119
20121
20122
20123
20124
20125
20126
20128
20129
20132
20133
20134
20135
20136
20137
20138
20139
20140
20142
20143
20145
20149
20150
20151
20152
20153
20154
20155
20156
20157
20158
20159
20161
20164
20165
20166
20169
20170
20171
20172
20173
20175
20176
20177
20178
20180
20181
20182
20183
20184
20185
20187
20188
20190
20191
20192
20193
20196
20197
20198
20199
20200
20201
20202
20203
20204
20205
20206
20207
20208
20209
20210
20211
20212
20213
20215
20216
20217
20218
20220
20221
20224
20225
20226
20228
20229
20232
20233
20234
20236
20237
20238
20239
20245
20246
20248
20249
20250
20251
20252
20253
20254
20257
20258
20259
20260
20261
20262
20263
20264
20265
20266
20267
20268
20269
20270
20271
20275
20276
20277
20279
20280
20282
20285
20286
20288
20289
20291
20292
20293
20294
20295
20296
20297
20299
20300
20301
20303
20304
20306
20310
20312
20314
20315
20316
20318
20319
20320
20322
20323
20324
20326
20328
20330
20331
20332
20333
20334
20336
20337
20338
20340
20341
20343
20344
20345
20346
20350
20351
20352
20355
20356
20357
20358
20359
20360
20361
20364
20365
20366
20367
20368
20370
20371
20372
20373
20374
20375
20377
20378
20379
20380
20381
20382
20383
20384
20385
20386
20388
20390
20391
20393
20394
20395
20396
20397
20401
20402
20403
20404
20405
20406
20408
20410
20411
20413
20415
20417
20419
20420
20421
20422
20423
20425
20426
20427
20428
20431
20432
20433
20434
20439
20440
20441
20442
20444
20445
20450
20453
20455
20456
20457
20458
20459
20460
20462
20463
20464
20465
20466
20467
20468
20470
20471
20472
20473
20479
20481
20482
20483
20485
20486
20487
20489
20490
20491
20492
20493
20494
20495
20496
20497
20498
20499
20501
20502
20503
20504
20505
20506
20508
20509
20511
20512
20513
20514
20515
20516
20517
20518
20520
20521
20522
20523
20524
20525
20528
20530
20531
20534
20535
20537
20540
20541
20542
20543
20544
20545
20548
20549
20550
20551
20553
20555
20556
20557
20558
20559
20560
20561
20562
20563
20564
20565
20566
20567
20568
20570
20572
20575
20576
20577
20578
20579
20586
20588
20589
20590
20591
20592
20593
20594
20595
20596
20597
20598
20600
20602
20603
20604
20605
20608
20609
20614
20615
20616
20617
20618
20619
20620
20622
20623
20624
20625
20626
20627
20629
20630
20632
20633
20634
20635
20636
20637
20638
20640
20641
20642
20643
20644
20645
20646
20647
20649
20650
20651
20652
20653
20654
20655
20656
20657
20659
20660
20661
20662
20663
20664
20665
20666
20667
20668
20669
20670
20672
20673
20674
20676
20677
20678
20680
20681
20682
20685
20686
20687
20688
20690
20691
20695
20696
20697
20698
20699
20700
20702
20703
20704
20705
20706
20707
20709
20710
20711
20713
20715
20717
20718
20719
20721
20722
20723
20725
20726
20727
20728
20729
20730
20731
20732
20733
20734
20735
20736
20737
20738
20739
20740
20741
20742
20743
20746
20749
20750
20751
20752
20753
20754
20755
20756
20757
20758
20759
20760
20761
20762
20763
20764
20765
20766
20767
20768
20769
20770
20772
20774
20775
20777
20778
20779
20781
20782
20783
20784
20785
20786
20788
20790
20791
20792
20793
20794
20797
20799
20800
20801
20802
20803
20804
20805
20806
20808
20809
20811
20813
20814
20815
20816
20817
20818
20819
20820
20822
20824
20826
20827
20828
20829
20830
20831
20832
20833
20834
20836
20839
20841
20842
20844
20845
20847
20849
20850
20851
20854
20859
20860
20862
20863
20864
20865
20866
20867
20868
20869
20870
20871
20872
20873
20874
20875
20880
20881
20882
20883
20886
20887
20888
20889
20891
20892
20893
20894
20895
20896
20897
20898
20899
20900
20901
20902
20903
20904
20905
20906
20907
20908
20909
20910
20911
20912
20913
20914
20915
20916
20917
20920
20921
20923
20924
20926
20927
20928
20929
20931
20933
20935
20936
20937
20938
20939
20944
20949
20950
20952
20953
20954
20958
20959
20961
20962
20963
20965
20966
20967
20975
20976
20977
20978
20979
20980
20981
20982
20983
20984
20985
20986
20987
20988
20989
20990
20991
20992
20993
20994
20995
20996
20997
20998
20999
21000
21001
21002
21003
21004
21005
21006
21007
21008
21009
21010
21011
21012
21013
21014
21015
21016
21017
21018
21019
21020
21021
21023
21024
21025
21026
21027
21029
21031
21032
21034
21035
21036
21037
21038
21039
21042
21043
21044
21045
21046
21047
21048
21049
21050
21051
21052
21053
21054
21055
21056
21057
21058
21059
21060
21061
21062
21063
21064
21065
21066
21069
21070
21071
21072
21073
21074
21075
21076
21077
21078
21079
21080
21081
21082
21084
21085
21086
21087
21088
21089
21090
21091
21092
21093
21094
21095
21096
21097
21098
21099
21101
21102
21103
21104
21105
21106
21107
21108
21109
21110
21111
21112
21113
21114
21118
21122
21123
21124
21125
21126
21127
21128
21130
21131
21132
21133
21134
21136
21137
21139
21140
21141
21142
21143
21144
21145
21148
21149
21150
21151
21152
21153
21154
21155
21156
21157
21159
21160
21162
21163
21164
21165
21166
21167
21168
21169
21171
21172
21173
21174
21175
21177
21178
21179
21180
21181
21182
21184
21185
21186
21187
21188
21189
21190
21191
21192
21194
21196
21197
21198
21199
21200
21201
21202
21203
21205
21208
21209
21210
21212
21213
21214
21216
21217
21218
21219
21220
21221
21223
21224
21226
21227
21228
21229
21230
21231
21232
21234
21235
21236
21240
21241
21242
21244
21245
21246
21247
21248
21249
21250
21251
21253
21254
21255
21257
21259
21260
21262
21263
21264
21266
21268
21269
21270
21271
21272
21273
21274
21275
21278
21282
21283
21284
21287
21290
21291
21292
21294
21295
21297
21298
21299
21300
21301
21302
21303
21304
21306
21307
21308
21309
21313
21314
21315
21316
21317
21318
21319
21320
21321
21322
21323
21324
21325
21326
21327
21328
21329
21330
21331
21332
21333
21334
21335
21336
21337
21338
21340
21343
21345
21346
21349
21350
21351
21355
21360
21361
21362
21363
21364
21365
21366
21367
21368
21369
21370
21371
21373
21374
21375
21376
21377
21378
21380
21381
21382
21383
21384
21385
21387
21389
21390
21391
21392
21394
21395
21397
21398
21400
21401
21402
21404
21417
21418
21419
21424
21425
21426
21428
21429
21430
21431
21432
21433
21434
21435
21436
21437
21439
21440
21441
21442
21443
21444
21445
21447
21448
21451
21452
21457
21458
21460
21461
21462
21463
21464
21465
21466
21467
21468
21469
21470
21471
21472
21473
21474
21475
21476
21477
21478
21479
21480
21481
21482
21483
21484
21486
21487
21489
21491
21492
21493
21494
21495
21497
21499
21500
21501
21502
21503
21504
21505
21506
21507
21508
21509
21510
21511
21512
21513
21514
21515
21516
21517
21518
21520
21521
21522
21523
21524
21525
21526
21528
21529
21530
21532
21533
21534
21535
21536
21537
21539
21540
21541
21542
21543
21544
21545
21546
21548
21550
21551
21552
21554
21555
21557
21558
21560
21561
21567
21568
21569
21570
21573
21574
21575
21577
21578
21579
21580
21581
21582
21583
21585
21586
21587
21589
21590
21591
21592
21593
21594
21595
21596
21597
21598
21600
21601
21602
21604
21605
21606
21607
21608
21609
21610
21611
21612
21613
21614
21615
21616
21617
21618
21619
21620
21621
21622
21626
21627
21628
21629
21630
21631
21632
21633
21634
21635
21636
21638
21639
21640
21641
21642
21643
21644
21645
21646
21647
21648
21649
21650
21651
21652
21653
21654
21655
21657
21658
21659
21660
21661
21662
21663
21667
21671
21676
21677
21679
21680
21681
21685
21686
21687
21693
21694
21695
21696
21697
21698
21699
21700
21701
21702
21703
21704
21705
21706
21707
21708
21709
21711
21712
21713
21714
21715
21716
21717
21718
21719
21721
21722
21723
21724
21725
21726
21727
21729
21730
21731
21732
21733
21734
21735
21737
21738
21739
21740
21741
21742
21743
21744
21747
21748
21749
21750
21752
21754
21756
21757
21758
21760
21761
21762
21763
21765
21766
21767
21768
21769
21770
21771
21772
21773
21774
21775
21778
21779
21783
21784
21786
21787
21789
21791
21793
21794
21796
21798
21799
21800
21801
21802
21803
21804
21807
21808
21809
21811
21813
21814
21815
21817
21818
21819
21820
21821
21822
21824
21825
21826
21827
21828
21830
21832
21833
21834
21835
21836
21838
21839
21840
21841
21842
21843
21845
21846
21847
21848
21849
21850
21851
21852
21854
21855
21856
21858
21859
21862
21864
21865
21866
21868
21869
21870
21871
21873
21874
21875
21876
21877
21878
21879
21880
21881
21882
21883
21884
21885
21886
21887
21888
21889
21890
21891
21892
21893
21894
21895
21896
21897
21898
21899
21900
21901
21902
21903
21904
21905
21907
21908
21909
21910
21911
21912
21915
21917
21918
21919
21921
21922
21923
21924
21925
21926
21927
21928
21929
21930
21932
21933
21934
21935
21936
21937
21938
21940
21941
21942
21943
21944
21945
21946
21947
21948
21949
21950
21951
21952
21954
21957
21958
21960
21961
21962
21963
21965
21966
21967
21968
21969
21970
21971
21972
21974
21975
21976
21977
21978
21979
21980
21982
21983
21984
21985
21986
21987
21988
21989
21990
21991
21992
21993
21994
21995
21996
21997
21998
22000
22001
22002
22003
22005
22006
22008
22009
22012
22014
22016
22018
22019
22020
22021
22022
22023
22024
22025
22026
22027
22028
22029
22030
22031
22032
22033
22034
22037
22039
22040
22042
22043
22044
22045
22046
22047
22048
22049
22050
22051
22052
22053
22054
22055
22056
22057
22058
22059
22060
22061
22062
22063
22064
22065
22066
22067
22068
22069
22070
22071
22073
22075
22076
22077
22078
22079
22080
22081
22082
22084
22086
22087
22088
22089
22090
22091
22092
22093
22095
22096
22097
22098
22099
22100
22101
22102
22103
22104
22105
22106
22107
22108
22109
22110
22111
22112
22113
22114
22115
22116
22117
22118
22120
22121
22122
22126
22128
22131
22132
22133
22134
22135
22136
22139
22140
22142
22145
22146
22148
22149
22150
22151
22152
22154
22155
22156
22158
22159
22160
22161
22162
22163
22164
22166
22167
22168
22169
22172
22173
22174
22175
22176
22179
22181
22182
22186
22188
22191
22192
22193
22194
22195
22196
22197
22199
22200
22201
22202
22203
22204
22205
22206
22207
22208
22209
22210
22212
22213
22214
22215
22216
22217
22218
22220
22221
22222
22223
22224
22225
22226
22227
22228
22229
22232
22236
22237
22241
22242
22243
22244
22245
22247
22248
22249
22250
22251
22252
22253
22254
22255
22257
22258
22259
22261
22263
22265
22266
22267
22269
22270
22271
22274
22275
22276
22278
22281
22284
22285
22286
22288
22290
22291
22292
22296
22297
22298
22299
22300
22301
22302
22303
22304
22305
22306
22309
22310
22312
22313
22314
22315
22316
22320
22321
22322
22323
22324
22325
22326
22329
22331
22332
22333
22334
22335
22336
22337
22338
22339
22340
22341
22342
22343
22344
22346
22347
22348
22349
22350
22351
22352
22353
22354
22355
22356
22357
22358
22359
22360
22361
22362
22363
22364
22365
22366
22367
22368
22369
22370
22371
22372
22373
22375
22376
22377
22380
22381
22382
22383
22384
22387
22388
22389
22390
22392
22393
22394
22398
22400
22403
22404
22405
22406
22407
22408
22409
22415
22416
22417
22420
22421
22422
22424
22428
22430
22432
22437
22439
22441
22442
22443
22444
22445
22446
22447
22448
22449
22450
22451
22452
22453
22454
22455
22456
22459
22461
22464
22465
22468
22469
22470
22471
22472
22473
22474
22475
22476
22479
22480
22481
22482
22483
22485
22486
22487
22489
22490
22491
22492
22497
22498
22500
22501
22505
22506
22507
22508
22509
22510
22511
22512
22513
22515
22517
22518
22519
22520
22521
22522
22523
22524
22528
22529
22530
22532
22533
22534
22536
22537
22541
22543
22544
22545
22547
22548
22549
22550
22551
22552
22553
22554
22555
22557
22558
22559
22560
22561
22562
22563
22564
22567
22568
22569
22570
22571
22572
22573
22574
22575
22576
22577
22578
22579
22580
22581
22582
22583
22584
22585
22586
22587
22588
22589
22590
22591
22592
22594
22595
22596
22597
22598
22599
22601
22602
22603
22604
22605
22606
22607
22608
22610
22611
22612
22613
22614
22615
22616
22617
22618
22619
22621
22622
22624
22625
22626
22627
22628
22630
22631
22633
22634
22635
22636
22637
22638
22639
22640
22642
22643
22644
22645
22646
22647
22648
22649
22650
22651
22652
22653
22655
22656
22657
22658
22659
22660
22661
22662
22663
22664
22665
22666
22667
22668
22669
22670
22671
22673
22675
22676
22680
22681
22682
22683
22684
22686
22687
22688
22689
22691
22693
22694
22695
22696
22697
22699
22700
22702
22703
22705
22706
22707
22708
22710
22711
22712
22713
22714
22716
22717
22719
22720
22721
22722
22723
22725
22726
22727
22728
22729
22731
22732
22733
22734
22735
22736
22737
22738
22739
22740
22741
22742
22743
22744
22745
22746
22747
22748
22749
22751
22752
22753
22754
22755
22757
22758
22759
22761
22763
22764
22767
22768
22770
22771
22772
22773
22775
22777
22780
22782
22783
22784
22785
22786
22787
22788
22789
22790
22791
22792
22794
22795
22796
22797
22798
22799
22801
22802
22803
22804
22805
22806
22807
22809
22810
22811
22812
22813
22814
22815
22816
22817
22818
22820
22822
22823
22824
22826
22829
22830
22831
22833
22834
22835
22837
22839
22841
22842
22843
22844
22845
22846
22847
22848
22849
22850
22851
22852
22855
22856
22857
22858
22861
22863
22864
22866
22867
22868
22869
22870
22872
22874
22875
22877
22878
22879
22881
22882
22883
22884
22885
22886
22887
22888
22889
22890
22891
22892
22893
22894
22895
22896
22897
22898
22899
22902
22903
22904
22905
22906
22907
22908
22909
22910
22912
22913
22914
22915
22916
22917
22918
22919
22920
22921
22922
22923
22924
22925
22926
22927
22928
22929
22930
22933
22934
22937
22938
22939
22940
22942
22943
22944
22945
22946
22947
22948
22949
22950
22951
22952
22954
22955
22957
22958
22959
22960
22961
22962
22963
22966
22967
22968
22969
22970
22971
22972
22973
22974
22975
22976
22977
22978
22979
22980
22981
22982
22983
22985
22986
22991
22992
22993
22994
22995
22996
22997
22998
23000
23001
23002
23003
23004
23005
23006
23007
23010
23014
23015
23016
23017
23018
23020
23021
23022
23023
23024
23026
23027
23028
23030
23031
23032
23033
23034
23035
23036
23037
23038
23039
23040
23041
23042
23043
23044
23045
23046
23047
23048
23049
23050
23051
23054
23055
23056
23058
23059
23061
23062
23063
23064
23065
23066
23067
23068
23069
23070
23074
23075
23080
23083
23084
23086
23088
23090
23091
23092
23093
23094
23095
23097
23099
23100
23101
23102
23104
23105
23106
23107
23108
23110
23112
23113
23114
23115
23118
23119
23120
23121
23122
23123
23124
23126
23127
23128
23130
23132
23134
23135
23136
23137
23138
23141
23142
23143
23144
23145
23147
23148
23149
23151
23154
23155
23156
23157
23158
23159
23160
23161
23162
23163
23164
23165
23167
23168
23169
23170
23171
23172
23173
23174
23176
23178
23179
23180
23181
23182
23183
23184
23185
23186
23188
23189
23190
23191
23192
23193
23194
23195
23196
23197
23198
23199
23200
23201
23202
23203
23204
23205
23206
23207
23208
23209
23210
23211
23212
23213
23214
23215
23216
23217
23218
23220
23221
23222
23223
23224
23226
23227
23228
23229
23230
23232
23233
23234
23235
23236
23237
23238
23239
23240
23241
23242
23243
23244
23245
23246
23247
23249
23250
23251
23252
23255
23256
23257
23259
23260
23261
23262
23263
23268
23269
23270
23272
23274
23275
23276
23277
23279
23280
23283
23284
23286
23287
23289
23290
23293
23295
23296
23297
23298
23299
23300
23301
23302
23303
23304
23305
23306
23308
23311
23312
23313
23314
23315
23316
23317
23318
23319
23320
23321
23322
23323
23324
23325
23326
23327
23328
23329
23330
23331
23333
23335
23336
23340
23341
23343
23344
23346
23349
23351
23352
23356
23357
23358
23359
23360
23362
23363
23365
23366
23367
23368
23369
23370
23371
23372
23373
23374
23375
23376
23377
23378
23379
23380
23381
23382
23384
23385
23387
23389
23390
23391
23392
23393
23394
23395
23396
23398
23399
23400
23401
23402
23404
23405
23410
23411
23412
23413
23414
23415
23416
23417
23418
23419
23421
23422
23423
23424
23425
23426
23427
23428
23429
23430
23432
23433
23434
23435
23436
23439
23441
23442
23444
23445
23446
23447
23449
23450
23451
23452
23453
23454
23457
23458
23459
23460
23461
23462
23464
23465
23466
23467
23468
23469
23472
23473
23476
23477
23478
23479
23480
23481
23482
23483
23484
23485
23486
23487
23488
23489
23490
23491
23494
23495
23496
23498
23499
23502
23504
23505
23506
23507
23509
23510
23511
23512
23513
23514
23515
23516
23517
23519
23521
23523
23524
23525
23526
23527
23528
23530
23532
23533
23534
23535
23536
23537
23538
23539
23540
23541
23542
23543
23544
23546
23549
23550
23551
23552
23553
23557
23558
23559
23561
23563
23564
23566
23567
23568
23569
23571
23572
23573
23574
23575
23577
23578
23579
23580
23581
23582
23583
23584
23585
23586
23587
23588
23589
23590
23591
23592
23593
23594
23596
23597
23598
23602
23603
23604
23605
23606
23608
23609
23610
23611
23612
23613
23614
23615
23616
23617
23619
23620
23621
23623
23624
23625
23627
23628
23629
23631
23632
23633
23634
23635
23636
23637
23638
23639
23640
23641
23642
23643
23644
23645
23647
23648
23649
23650
23651
23652
23653
23655
23657
23658
23659
23660
23662
23663
23665
23666
23667
23668
23669
23670
23671
23672
23673
23674
23675
23676
23677
23679
23680
23681
23682
23683
23685
23687
23688
23689
23690
23691
23692
23693
23694
23695
23696
23697
23699
23700
23701
23702
23703
23704
23705
23706
23707
23708
23709
23711
23713
23716
23717
23718
23720
23721
23722
23723
23724
23725
23727
23728
23729
23730
23736
23737
23739
23740
23742
23743
23744
23746
23747
23748
23749
23750
23751
23752
23753
23754
23755
23756
23757
23758
23759
23760
23761
23762
23763
23765
23766
23768
23769
23771
23772
23773
23774
23775
23776
23777
23778
23779
23780
23781
23782
23783
23784
23785
23786
23787
23788
23789
23790
23791
23792
23793
23794
23795
23796
23797
23798
23800
23801
23802
23803
23804
23805
23806
23807
23808
23809
23810
23811
23812
23813
23814
23815
23816
23817
23818
23819
23820
23822
23823
23824
23825
23826
23827
23828
23829
23830
23831
23832
23833
23835
23836
23839
23840
23841
23842
23843
23844
23845
23846
23847
23849
23850
23851
23852
23853
23854
23855
23856
23857
23858
23859
23860
23861
23862
23863
23864
23865
23866
23867
23868
23869
23870
23871
23874
23875
23876
23877
23878
23879
23880
23883
23884
23885
23886
23887
23888
23889
23891
23892
23894
23895
23896
23897
23898
23899
23900
23901
23902
23903
23904
23905
23906
23907
23908
23909
23910
23911
23912
23913
23914
23915
23916
23918
23921
23922
23923
23924
23926
23927
23929
23930
23931
23933
23934
23935
23937
23938
23939
23940
23941
23942
23943
23945
23947
23948
23949
23951
23952
23953
23954
23956
23957
23958
23959
23960
23962
23964
23966
23970
23971
23973
23974
23976
23977
23978
23979
23980
23981
23982
23983
23984
23985
23986
23987
23988
23989
23990
23991
23992
23993
23994
23996
23997
23998
24000
24001
24002
24004
24005
24006
24007
24009
24010
24011
24012
24013
24014
24015
24016
24017
24018
24019
24020
24021
24022
24023
24024
24026
24027
24028
24030
24031
24032
24033
24035
24036
24037
24038
24041
24042
24043
24044
24045
24046
24047
24048
24049
24050
24052
24054
24055
24056
24057
24059
24060
24063
24064
24065
24066
24067
24068
24070
24071
24072
24074
24076
24077
24078
24079
24080
24081
24083
24084
24086
24088
24089
24090
24092
24093
24094
24095
24096
24097
24098
24099
24100
24101
24102
24103
24104
24105
24106
24107
24108
24109
24110
24111
24112
24114
24115
24116
24117
24118
24119
24120
24121
24122
24123
24124
24125
24126
24127
24128
24129
24130
24131
24132
24134
24137
24138
24139
24140
24141
24142
24143
24145
24146
24148
24149
24150
24152
24153
24155
24156
24157
24158
24159
24160
24162
24164
24165
24167
24168
24170
24171
24172
24173
24174
24175
24176
24177
24178
24179
24180
24181
24182
24184
24186
24187
24188
24189
24190
24191
24194
24195
24196
24197
24198
24199
24200
24201
24202
24203
24204
24205
24206
24207
24208
24209
24210
24211
24213
24214
24215
24216
24217
24218
24219
24220
24221
24222
24223
24224
24225
24226
24229
24230
24233
24234
24235
24236
24237
24238
24239
24241
24242
24243
24244
24245
24246
24248
24249
24252
24253
24254
24255
24256
24257
24258
24259
24260
24261
24262
24264
24266
24267
24268
24270
24271
24272
24273
24275
24276
24277
24278
24279
24280
24281
24282
24284
24285
24286
24287
24288
24289
24290
24291
24292
24293
24294
24295
24297
24298
24299
24300
24301
24302
24303
24304
24305
24306
24307
24310
24311
24313
24314
24315
24316
24317
24318
24319
24321
24323
24325
24328
24330
24331
24333
24334
24335
24336
24338
24339
24341
24342
24344
24346
24347
24348
24349
24350
24353
24354
24355
24356
24357
24361
24362
24363
24365
24366
24369
24371
24372
24374
24375
24377
24380
24381
24382
24383
24384
24385
24386
24387
24388
24389
24391
24393
24394
24395
24396
24397
24398
24399
24400
24401
24402
24403
24404
24405
24406
24407
24408
24410
24411
24412
24413
24414
24415
24416
24417
24418
24419
24420
24421
24422
24423
24426
24427
24428
24429
24430
24431
24432
24433
24434
24435
24436
24438
24439
24441
24442
24443
24444
24445
24446
24447
24448
24451
24459
24463
24465
24466
24467
24468
24469
24470
24471
24472
24473
24474
24475
24476
24477
24478
24479
24480
24481
24482
24483
24485
24486
24487
24488
24489
24490
24491
24492
24493
24494
24495
24496
24497
24498
24499
24500
24501
24502
24503
24504
24505
24506
24507
24508
24509
24510
24511
24513
24514
24515
24516
24517
24518
24519
24521
24522
24523
24524
24525
24527
24528
24529
24530
24531
24532
24533
24534
24535
24536
24537
24539
24541
24542
24543
24544
24545
24546
24547
24548
24549
24550
24551
24552
24553
24554
24555
24557
24558
24560
24564
24565
24566
24567
24569
24570
24572
24574
24576
24580
24581
24582
24583
24584
24585
24586
24588
24591
24592
24593
24594
24595
24596
24597
24598
24599
24600
24601
24604
24605
24606
24607
24608
24609
24611
24612
24614
24615
24616
24617
24618
24619
24620
24621
24622
24623
24624
24625
24626
24627
24628
24629
24630
24631
24632
24634
24635
24636
24637
24638
24640
24641
24642
24643
24644
24645
24647
24648
24649
24650
24651
24652
24653
24654
24655
24656
24657
24658
24660
24661
24662
24663
24664
24665
24666
24667
24668
24669
24670
24671
24672
24673
24674
24678
24679
24680
24681
24682
24683
24685
24686
24687
24688
24689
24690
24691
24692
24693
24694
24698
24699
24700
24701
24702
24703
24704
24705
24706
24707
24708
24710
24711
24712
24714
24715
24716
24717
24718
24720
24722
24724
24725
24726
24727
24728
24729
24733
24734
24735
24736
24737
24738
24740
24742
24743
24745
24747
24748
24749
24750
24751
24752
24753
24754
24756
24757
24758
24759
24760
24761
24762
24763
24764
24765
24767
24768
24770
24771
24772
24773
24774
24775
24776
24777
24778
24779
24780
24781
24782
24783
24785
24786
24787
24788
24789
24791
24792
24793
24795
24798
24799
24800
24801
24802
24803
24804
24805
24806
24807
24808
24809
24811
24812
24813
24814
24815
24817
24818
24819
24820
24821
24822
24823
24824
24825
24826
24828
24829
24830
24831
24832
24834
24835
24836
24837
24838
24839
24840
24841
24842
24843
24844
24845
24846
24847
24849
24850
24852
24853
24854
24855
24856
24857
24861
24862
24865
24866
24867
24868
24869
24870
24871
24873
24874
24876
24877
24878
24881
24882
24883
24885
24886
24887
24888
24890
24891
24892
24893
24894
24895
24896
24897
24898
24899
24900
24901
24902
24903
24904
24906
24907
24908
24909
24910
24912
24914
24915
24916
24918
24919
24920
24921
24922
24923
24924
24925
24926
24929
24930
24931
24932
24933
24934
24935
24938
24939
24940
24941
24942
24944
24945
24947
24949
24951
24955
24958
24963
24964
24966
24967
24968
24969
24970
24972
24974
24975
24976
24977
24978
24979
24980
24981
24982
24983
24984
24987
24988
24989
24990
24993
24995
24997
24998
24999
25000
25002
25003
25004
25006
25009
25011
25012
25014
25015
25016
25017
25019
25020
25021
25022
25023
25024
25025
25026
25027
25029
25030
25031
25033
25034
25035
25036
25037
25038
25039
25040
25042
25043
25044
25045
25047
25048
25049
25050
25051
25052
25053
25055
25057
25060
25061
25063
25067
25068
25070
25074
25075
25076
25080
25081
25082
25085
25089
25090
25091
25094
25095
25096
25098
25100
25101
25102
25103
25104
25105
25106
25107
25108
25109
25110
25111
25112
25113
25114
25116
25117
25118
25119
25120
25121
25122
25123
25124
25125
25126
25127
25128
25130
25132
25133
25134
25136
25137
25141
25142
25143
25144
25147
25148
25149
25150
25151
25152
25153
25154
25155
25156
25157
25158
25159
25160
25161
25162
25163
25164
25165
25166
25167
25168
25169
25171
25172
25173
25174
25175
25176
25179
25180
25181
25182
25183
25184
25185
25186
25187
25188
25189
25190
25191
25192
25193
25194
25195
25196
25197
25198
25199
25200
25202
25203
25208
25209
25210
25211
25212
25213
25214
25215
25216
25217
25218
25220
25222
25223
25225
25226
25227
25228
25229
25230
25231
25232
25234
25235
25236
25237
25238
25239
25240
25241
25242
25243
25244
25245
25246
25247
25249
25250
25251
25252
25253
25254
25255
25256
25257
25258
25259
25260
25261
25262
25266
25267
25268
25269
25270
25271
25272
25273
25274
25275
25276
25277
25280
25281
25282
25283
25284
25285
25286
25287
25288
25289
25290
25291
25293
25294
25295
25296
25297
25298
25299
25300
25301
25302
25303
25304
25305
25306
25307
25308
25309
25310
25311
25312
25313
25314
25315
25316
25317
25318
25319
25320
25322
25323
25324
25325
25326
25327
25331
25332
25333
25334
25335
25336
25337
25338
25339
25340
25341
25342
25343
25344
25345
25346
25347
25350
25351
25353
25354
25355
25356
25357
25358
25359
25361
25362
25363
25364
25365
25367
25368
25369
25370
25371
25372
25373
25374
25375
25376
25377
25378
25379
25380
25382
25383
25384
25385
25386
25388
25389
25390
25391
25393
25394
25396
25397
25398
25400
25401
25402
25403
25404
25405
25406
25407
25408
25409
25410
25412
25413
25414
25415
25416
25417
25419
25420
25421
25422
25423
25424
25425
25426
25427
25428
25430
25432
25433
25434
25435
25436
25437
25439
25440
25441
25443
25445
25446
25447
25448
25449
25450
25451
25452
25454
25455
25456
25457
25458
25460
25462
25463
25464
25465
25466
25467
25468
25469
25470
25471
25472
25474
25475
25477
25478
25480
25482
25483
25484
25485
25486
25487
25488
25489
25490
25492
25493
25494
25495
25496
25497
25499
25500
25501
25502
25503
25505
25506
25507
25508
25509
25510
25511
25512
25513
25514
25515
25516
25517
25518
25519
25520
25521
25524
25525
25527
25528
25529
25530
25531
25532
25533
25534
25536
25538
25539
25541
25543
25544
25545
25546
25547
25548
25549
25550
25551
25552
25553
25554
25555
25556
25557
25558
25559
25560
25561
25562
25563
25564
25565
25566
25567
25568
25569
25570
25571
25572
25573
25574
25575
25576
25578
25579
25580
25582
25583
25584
25585
25586
25589
25591
25593
25594
25597
25598
25599
25601
25602
25604
25605
25606
25607
25608
25609
25610
25611
25612
25614
25615
25617
25618
25619
25621
25622
25623
25624
25625
25626
25627
25628
25629
25630
25631
25632
25633
25634
25636
25637
25638
25639
25640
25641
25642
25643
25644
25645
25646
25647
25648
25649
25650
25651
25652
25653
25654
25655
25656
25657
25658
25659
25660
25661
25662
25664
25667
25668
25669
25670
25672
25674
25675
25677
25678
25679
25680
25681
25683
25684
25685
25686
25688
25689
25690
25691
25692
25693
25695
25696
25697
25698
25700
25701
25702
25703
25704
25705
25706
25707
25708
25709
25710
25711
25712
25713
25714
25715
25716
25719
25720
25721
25723
25726
25727
25728
25730
25731
25732
25733
25734
25735
25736
25737
25738
25739
25740
25741
25742
25743
25744
25745
25746
25747
25748
25749
25751
25752
25753
25754
25755
25756
25757
25758
25759
25760
25761
25762
25764
25767
25768
25769
25770
25771
25772
25773
25774
25776
25780
25782
25783
25784
25785
25786
25788
25789
25790
25791
25792
25793
25794
25795
25796
25797
25799
25800
25801
25802
25803
25804
25805
25806
25808
25809
25810
25811
25812
25813
25814
25815
25816
25817
25818
25819
25820
25821
25822
25823
25824
25826
25827
25828
25829
25830
25831
25832
25833
25834
25835
25836
25837
25838
25839
25840
25841
25842
25843
25844
25845
25846
25847
25848
25849
25850
25851
25852
25854
25856
25857
25858
25859
25861
25862
25863
25864
25867
25868
25869
25870
25872
25873
25874
25875
25876
25877
25878
25879
25880
25881
25882
25884
25885
25887
25888
25889
25890
25892
25894
25895
25896
25898
25899
25900
25901
25902
25903
25904
25905
25906
25908
25909
25910
25911
25912
25913
25914
25915
25916
25917
25918
25919
25920
25922
25923
25924
25925
25926
25927
25929
25930
25931
25932
25933
25934
25935
25936
25937
25938
25939
25940
25942
25943
25946
25947
25948
25949
25950
25951
25954
25955
25956
25957
25958
25959
25960
25961
25962
25963
25965
25966
25968
25969
25970
25971
25972
25973
25974
25976
25977
25978
25979
25980
25981
25982
25983
25984
25985
25986
25987
25989
25990
25991
25992
25993
25997
25999
26001
26002
26003
26004
26005
26006
26007
26008
26009
26013
26017
26018
26019
26020
26021
26022
26023
26024
26025
26026
26027
26028
26029
26030
26031
26032
26033
26034
26035
26036
26037
26038
26039
26040
26042
26043
26044
26046
26048
26050
26051
26052
26053
26054
26056
26059
26061
26062
26063
26065
26066
26067
26068
26069
26070
26071
26072
26073
26074
26075
26077
26078
26079
26080
26081
26082
26083
26084
26085
26086
26087
26088
26089
26090
26091
26092
26093
26096
26097
26098
26100
26101
26102
26103
26104
26105
26107
26108
26110
26111
26112
26114
26115
26116
26117
26118
26119
26120
26121
26122
26123
26124
26125
26126
26127
26128
26129
26130
26131
26132
26133
26134
26136
26138
26139
26140
26141
26142
26143
26144
26146
26147
26148
26149
26150
26151
26153
26154
26155
26156
26157
26159
26162
26163
26164
26165
26169
26173
26174
26176
26179
26184
26185
26186
26187
26188
26189
26191
26192
26193
26194
26197
26198
26199
26200
26201
26202
26203
26204
26205
26206
26207
26208
26209
26210
26211
26212
26213
26214
26215
26216
26217
26218
26219
26220
26221
26223
26225
26226
26227
26228
26229
26231
26232
26233
26234
26236
26238
26239
26241
26242
26243
26244
26245
26246
26247
26248
26249
26250
26251
26252
26253
26254
26255
26256
26257
26260
26261
26262
26264
26265
26266
26267
26268
26269
26270
26271
26272
26273
26274
26275
26277
26278
26279
26280
26281
26282
26283
26284
26285
26286
26287
26288
26289
26290
26291
26292
26294
26295
26296
26298
26299
26300
26301
26302
26303
26304
26305
26306
26311
26312
26313
26314
26315
26316
26317
26318
26319
26320
26321
26322
26323
26324
26325
26326
26327
26329
26331
26332
26333
26334
26335
26336
26337
26338
26339
26340
26341
26342
26343
26344
26345
26346
26349
26352
26354
26358
26361
26362
26363
26364
26365
26366
26367
26368
26372
26373
26374
26376
26377
26378
26379
26380
26381
26383
26384
26385
26386
26387
26388
26389
26390
26391
26393
26394
26395
26397
26398
26399
26400
26401
26402
26403
26404
26405
26406
26407
26408
26409
26410
26411
26412
26413
26414
26415
26418
26419
26420
26422
26423
26424
26425
26426
26427
26429
26430
26431
26432
26433
26435
26436
26437
26438
26439
26441
26442
26443
26444
26445
26446
26447
26448
26449
26450
26451
26452
26453
26454
26459
26460
26464
26467
26468
26470
26471
26472
26475
26476
26477
26479
26482
26486
26487
26488
26489
26490
26491
26492
26493
26494
26495
26496
26497
26498
26499
26500
26501
26502
26503
26504
26505
26506
26507
26508
26509
26510
26511
26512
26513
26514
26515
26516
26517
26518
26519
26520
26521
26522
26523
26524
26526
26527
26528
26529
26530
26532
26533
26534
26536
26537
26538
26540
26541
26542
26544
26545
26547
26549
26550
26551
26552
26553
26554
26556
26557
26558
26560
26561
26562
26563
26564
26565
26566
26567
26568
26570
26573
26574
26575
26577
26578
26580
26581
26584
26585
26586
26587
26589
26590
26592
26593
26594
26595
26596
26597
26598
26599
26600
26601
26602
26603
26604
26605
26606
26607
26608
26609
26610
26611
26612
26613
26614
26615
26616
26617
26618
26619
26620
26621
26622
26623
26624
26625
26626
26628
26629
26630
26633
26634
26636
26638
26639
26640
26644
26645
26646
26647
26648
26649
26650
26651
26652
26654
26655
26656
26657
26658
26659
26660
26661
26662
26664
26665
26666
26667
26668
26669
26670
26671
26672
26673
26674
26675
26676
26677
26678
26679
26680
26681
26682
26683
26684
26685
26687
26688
26689
26690
26691
26692
26693
26694
26696
26697
26698
26699
26700
26701
26702
26703
26704
26705
26706
26707
26708
26709
26710
26711
26712
26713
26714
26715
26716
26717
26718
26719
26720
26721
26722
26723
26724
26725
26726
26727
26728
26730
26731
26732
26733
26734
26735
26736
26737
26738
26739
26740
26741
26742
26743
26744
26745
26746
26747
26749
26751
26752
26753
26754
26755
26758
26759
26761
26762
26763
26764
26765
26766
26768
26769
26770
26771
26772
26773
26774
26775
26776
26777
26778
26781
26782
26783
26784
26785
26786
26787
26788
26789
26790
26791
26792
26794
26796
26797
26798
26799
26800
26801
26802
26803
26804
26805
26806
26807
26808
26809
26810
26813
26815
26816
26818
26819
26820
26821
26824
26826
26827
26828
26829
26830
26831
26832
26833
26834
26835
26839
26840
26841
26842
26843
26844
26845
26846
26847
26848
26849
26850
26851
26852
26853
26855
26856
26857
26859
26860
26862
26864
26865
26866
26867
26868
26869
26870
26871
26872
26873
26874
26875
26876
26877
26878
26879
26880
26881
26882
26883
26884
26885
26886
26887
26888
26889
26890
26891
26892
26893
26894
26895
26896
26897
26899
26900
26901
26902
26903
26904
26905
26906
26907
26908
26909
26910
26911
26912
26913
26914
26915
26916
26917
26919
26921
26923
26924
26925
26926
26927
26929
26930
26931
26933
26934
26935
26936
26937
26938
26939
26940
26941
26943
26945
26946
26947
26949
26950
26953
26954
26956
26960
26962
26963
26966
26967
26969
26971
26973
26975
26976
26978
26979
26980
26981
26982
26983
26984
26986
26987
26989
26990
26991
26992
26993
26994
26995
26996
26997
26998
26999
27000
27001
27002
27003
27004
27005
27006
27007
27008
27009
27010
27011
27012
27013
27015
27016
27017
27018
27019
27020
27021
27022
27023
27024
27027
27028
27031
27032
27033
27037
27041
27042
27045
27046
27047
27049
27050
27051
27052
27053
27054
27056
27059
27060
27063
27065
27066
27067
27068
27069
27072
27073
27074
27076
27079
27080
27081
27082
27085
27086
27089
27090
27091
27092
27094
27095
27097
27100
27101
27102
27103
27104
27105
27106
27107
27109
27110
27112
27113
27114
27115
27116
27117
27118
27120
27121
27122
27123
27124
27125
27126
27127
27128
27129
27130
27131
27132
27133
27134
27137
27138
27139
27140
27141
27142
27143
27145
27146
27147
27148
27149
27150
27151
27152
27153
27154
27155
27156
27158
27160
27162
27163
27164
27165
27166
27167
27168
27170
27171
27172
27173
27175
27176
27177
27178
27179
27180
27181
27182
27183
27185
27186
27187
27189
27190
27191
27192
27194
27197
27198
27200
27202
27203
27204
27205
27207
27208
27209
27210
27212
27213
27214
27215
27216
27217
27218
27219
27220
27221
27222
27223
27226
27227
27228
27229
27230
27235
27236
27237
27238
27239
27240
27241
27242
27243
27244
27246
27247
27248
27249
27250
27251
27252
27253
27254
27255
27256
27257
27258
27262
27263
27265
27266
27267
27268
27270
27271
27272
27273
27275
27277
27278
27279
27280
27282
27283
27286
27287
27288
27289
27290
27291
27292
27293
27294
27295
27296
27297
27298
27299
27300
27301
27302
27303
27304
27305
27306
27307
27309
27311
27312
27313
27314
27315
27316
27317
27319
27320
27321
27323
27324
27325
27326
27327
27328
27331
27332
27333
27334
27335
27337
27338
27339
27340
27342
27345
27347
27348
27349
27351
27352
27353
27356
27357
27358
27359
27360
27361
27362
27363
27364
27366
27368
27369
27370
27371
27373
27374
27375
27377
27380
27381
27382
27383
27384
27385
27386
27387
27388
27389
27390
27392
27393
27394
27395
27396
27397
27398
27399
27400
27401
27402
27404
27405
27406
27407
27409
27412
27413
27414
27415
27416
27417
27418
27419
27420
27421
27422
27423
27424
27425
27427
27428
27431
27433
27434
27438
27439
27440
27441
27442
27443
27444
27445
27446
27447
27448
27450
27451
27452
27454
27455
27458
27459
27461
27462
27463
27464
27465
27466
27467
27468
27469
27470
27473
27474
27475
27477
27478
27480
27481
27483
27485
27486
27487
27488
27492
27493
27495
27496
27497
27500
27502
27504
27506
27508
27510
27513
27515
27516
27517
27520
27522
27524
27525
27526
27527
27528
27529
27530
27531
27533
27535
27536
27537
27538
27540
27544
27546
27547
27548
27549
27551
27552
27553
27554
27556
27559
27564
27565
27568
27570
27571
27572
27573
27574
27575
27576
27578
27582
27587
27588
27589
27590
27592
27593
27594
27596
27598
27599
27600
27602
27604
27606
27607
27608
27609
27610
27611
27612
27613
27616
27617
27618
27621
27622
27623
27624
27625
27626
27627
27629
27630
27636
27638
27642
27643
27646
27648
27649
27650
27651
27652
27653
27654
27658
27660
27661
27662
27663
27664
27667
27668
27669
27672
27675
27676
27677
27678
27681
27682
27683
27685
27687
27688
27689
27690
27691
27693
27694
27696
27698
27699
27700
27701
27702
27703
27704
27705
27707
27710
27711
27712
27713
27715
27716
27717
27718
27719
27722
27723
27724
27726
27729
27734
27738
27740
27742
27743
27746
27747
27748
27749
27750
27751
27752
27753
27754
27755
27756
27757
27758
27760
27761
27762
27764
27765
27766
27768
27769
27770
27771
27774
27775
27776
27777
27778
27779
27780
27783
27784
27785
27786
27787
27788
27789
27790
27792
27793
27794
27796
27797
27800
27801
27802
27804
27805
27806
27807
27808
27809
27810
27811
27813
27815
27816
27817
27818
27819
27822
27823
27824
27825
27826
27827
27828
27829
27830
27832
27833
27836
27837
27838
27839
27840
27841
27842
27843
27844
27845
27846
27847
27849
27851
27852
27853
27854
27856
27857
27858
27859
27860
27861
27862
27863
27865
27866
27867
27868
27869
27870
27871
27872
27873
27874
27875
27877
27878
27879
27880
27883
27884
27885
27887
27889
27892
27893
27894
27895
27896
27897
27898
27899
27900
27902
27903
27904
27905
27906
27907
27908
27909
27911
27912
27913
27915
27916
27917
27918
27919
27920
27921
27922
27924
27925
27926
27927
27928
27929
27930
27931
27932
27933
27934
27938
27939
27941
27943
27944
27945
27946
27947
27948
27949
27950
27951
27952
27953
27954
27956
27957
27958
27959
27960
27961
27962
27963
27964
27966
27967
27968
27969
27970
27971
27972
27973
27974
27976
27977
27978
27979
27980
27981
27982
27983
27984
27985
27986
27987
27988
27989
27991
27993
27994
27995
27996
27997
27998
27999
28000
28003
28005
28006
28009
28010
28011
28012
28013
28014
28015
28016
28017
28019
28020
28021
28022
28024
28025
28026
28027
28028
28029
28030
28031
28033
28034
28035
28036
28037
28038
28039
28040
28041
28042
28043
28044
28045
28046
28047
28048
28050
28051
28052
28053
28054
28056
28057
28058
28060
28061
28062
28063
28064
28065
28066
28067
28068
28069
28070
28072
28073
28074
28075
28076
28077
28078
28079
28081
28082
28083
28084
28085
28086
28088
28089
28090
28092
28093
28094
28095
28096
28097
28099
28100
28101
28102
28103
28105
28106
28107
28108
28109
28110
28111
28112
28115
28116
28117
28118
28120
28121
28122
28123
28124
28125
28126
28127
28128
28130
28131
28132
28133
28134
28135
28136
28138
28139
28140
28141
28143
28144
28145
28146
28147
28148
28150
28151
28152
28153
28154
28155
28156
28157
28158
28159
28163
28167
28168
28169
28170
28172
28173
28174
28175
28176
28177
28178
28179
28180
28181
28182
28183
28184
28185
28186
28188
28189
28190
28191
28192
28193
28194
28195
28196
28198
28199
28201
28203
28204
28205
28206
28207
28208
28209
28210
28211
28214
28215
28217
28218
28219
28221
28224
28226
28228
28229
28230
28231
28232
28233
28234
28235
28237
28238
28239
28240
28241
28242
28243
28244
28245
28246
28247
28248
28249
28250
28252
28254
28255
28257
28258
28259
28260
28261
28262
28263
28264
28265
28266
28267
28268
28269
28270
28271
28272
28273
28274
28276
28278
28279
28281
28282
28283
28285
28287
28288
28289
28290
28291
28292
28293
28295
28296
28297
28298
28300
28301
28304
28306
28308
28309
28310
28311
28312
28313
28314
28315
28316
28317
28318
28319
28320
28321
28322
28323
28324
28325
28326
28327
28329
28330
28331
28332
28333
28335
28336
28337
28338
28339
28340
28341
28342
28343
28344
28345
28346
28347
28348
28349
28350
28351
28352
28353
28354
28355
28357
28358
28359
28360
28361
28362
28363
28364
28366
28367
28369
28370
28371
28372
28373
28374
28375
28376
28377
28378
28379
28380
28381
28382
28391
28392
28394
28395
28397
28398
28399
28400
28401
28402
28403
28404
28405
28406
28407
28408
28409
28410
28411
28412
28413
28414
28415
28416
28417
28418
28419
28420
28425
28427
28428
28429
28431
28432
28433
28434
28435
28436
28437
28438
28440
28441
28442
28443
28444
28445
28446
28447
28448
28450
28451
28452
28454
28455
28457
28458
28460
28461
28462
28463
28465
28466
28468
28469
28470
28471
28472
28473
28474
28475
28476
28477
28480
28481
28483
28484
28485
28486
28487
28488
28489
28490
28491
28492
28493
28494
28495
28496
28497
28498
28499
28501
28502
28503
28504
28505
28506
28508
28510
28511
28514
28515
28517
28519
28520
28521
28522
28523
28524
28525
28526
28527
28530
28532
28533
28534
28536
28537
28538
28539
28540
28543
28544
28545
28546
28548
28549
28551
28553
28555
28556
28557
28558
28559
28560
28561
28562
28563
28564
28566
28567
28568
28569
28570
28571
28572
28573
28574
28575
28577
28578
28579
28581
28582
28584
28588
28589
28591
28592
28593
28594
28595
28596
28601
28602
28603
28604
28605
28606
28607
28608
28609
28610
28611
28613
28616
28618
28619
28620
28621
28623
28624
28625
28626
28627
28631
28633
28634
28636
28637
28638
28639
28640
28643
28644
28645
28646
28647
28648
28650
28651
28653
28654
28655
28656
28657
28658
28659
28660
28661
28662
28663
28664
28665
28666
28667
28668
28669
28671
28672
28673
28674
28675
28676
28677
28678
28679
28680
28681
28682
28683
28685
28687
28688
28689
28691
28692
28693
28694
28696
28697
28698
28699
28700
28701
28703
28704
28705
28706
28707
28708
28709
28710
28712
28713
28714
28715
28716
28717
28718
28721
28722
28723
28727
28728
28730
28733
28734
28735
28736
28737
28738
28739
28742
28744
28746
28747
28748
28749
28751
28753
28754
28755
28756
28757
28758
28759
28760
28761
28762
28763
28764
28765
28766
28768
28769
28770
28771
28773
28775
28776
28777
28779
28780
28781
28782
28783
28784
28785
28787
28788
28789
28790
28791
28792
28793
28794
28795
28796
28797
28798
28800
28801
28802
28803
28805
28806
28807
28809
28811
28812
28813
28814
28815
28816
28817
28820
28822
28824
28825
28826
28827
28828
28831
28832
28834
28835
28836
28837
28840
28842
28843
28844
28845
28846
28850
28851
28852
28853
28854
28855
28857
28858
28859
28860
28862
28863
28864
28865
28867
28868
28869
28872
28873
28874
28875
28876
28877
28878
28879
28882
28883
28884
28885
28886
28887
28890
28891
28893
28894
28895
28897
28901
28903
28904
28905
28907
28911
28912
28916
28918
28919
28920
28921
28923
28924
28925
28926
28927
28928
28929
28930
28931
28932
28933
28934
28935
28936
28937
28938
28939
28940
28941
28942
28943
28944
28945
28946
28947
28948
28949
28952
28953
28954
28955
28956
28957
28958
28959
28961
28965
28967
28969
28970
28971
28972
28973
28974
28976
28977
28978
28979
28980
28981
28982
28983
28984
28985
28986
28987
28988
28989
28990
28991
28992
28993
28994
28995
28996
28997
28998
28999
29000
29001
29002
29003
29004
29005
29006
29007
29009
29010
29011
29012
29013
29014
29015
29016
29017
29018
29019
29020
29021
29022
29023
29024
29025
29026
29027
29028
29029
29030
29031
29032
29033
29034
29035
29036
29037
29038
29039
29040
29041
29044
29045
29046
29047
29048
29049
29050
29052
29054
29056
29057
29058
29059
29060
29061
29062
29063
29064
29065
29066
29067
29068
29069
29070
29071
29072
29073
29074
29075
29076
29077
29078
29079
29081
29083
29084
29085
29086
29087
29088
29089
29090
29091
29092
29093
29094
29095
29096
29097
29098
29099
29100
29101
29102
29103
29104
29105
29107
29108
29109
29110
29111
29112
29113
29114
29115
29116
29118
29119
29120
29121
29122
29123
29125
29126
29127
29128
29129
29131
29132
29133
29134
29135
29137
29138
29139
29140
29141
29142
29143
29144
29145
29148
29150
29151
29152
29153
29154
29155
29156
29157
29158
29159
29160
29161
29162
29163
29164
29165
29166
29167
29169
29171
29172
29173
29174
29175
29176
29177
29178
29180
29181
29182
29184
29185
29186
29187
29188
29189
29190
29191
29192
29193
29194
29195
29196
29197
29198
29199
29200
29202
29203
29204
29205
29206
29207
29208
29209
29210
29211
29212
29213
29214
29215
29216
29217
29218
29219
29220
29221
29222
29223
29224
29225
29226
29228
29229
29231
29232
29233
29234
29235
29236
29237
29239
29240
29241
29242
29243
29244
29245
29247
29248
29251
29252
29253
29254
29256
29258
29259
29261
29262
29263
29264
29265
29266
29267
29268
29269
29270
29271
29272
29273
29274
29275
29276
29277
29278
29279
29280
29283
29285
29286
29287
29288
29289
29290
29291
29292
29293
29294
29295
29296
29297
29299
29300
29301
29302
29304
29306
29307
29308
29310
29311
29312
29315
29316
29319
29322
29323
29324
29325
29326
29327
29330
29331
29332
29333
29334
29335
29336
29337
29338
29339
29340
29341
29342
29343
29344
29345
29347
29348
29349
29350
29353
29354
29355
29356
29357
29358
29359
29360
29361
29362
29364
29365
29366
29367
29368
29369
29370
29371
29372
29373
29374
29375
29376
29377
29378
29379
29380
29381
29382
29385
29386
29387
29388
29389
29390
29391
29392
29393
29394
29395
29396
29397
29400
29401
29402
29403
29404
29405
29406
29407
29408
29409
29410
29411
29412
29413
29414
29415
29416
29417
29418
29419
29420
29421
29422
29423
29424
29425
29426
29427
29428
29429
29430
29431
29432
29433
29434
29435
29436
29437
29438
29439
29440
29441
29443
29444
29446
29447
29448
29449
29450
29451
29452
29453
29454
29455
29456
29457
29458
29459
29460
29461
29462
29463
29464
29466
29467
29468
29469
29471
29472
29473
29474
29475
29476
29477
29478
29479
29480
29481
29482
29483
29484
29485
29486
29487
29488
29489
29490
29491
29493
29494
29495
29496
29497
29498
29499
29500
29501
29502
29503
29504
29505
29506
29507
29508
29509
29510
29511
29512
29513
29514
29515
29516
29517
29519
29520
29521
29522
29523
29524
29525
29526
29527
29528
29529
29530
29531
29532
29533
29534
29535
29536
29539
29540
29541
29542
29543
29544
29545
29546
29547
29548
29549
29550
29551
29552
29553
29555
29557
29558
29559
29560
29561
29562
29563
29564
29565
29566
29567
29568
29569
29570
29572
29573
29574
29575
29577
29578
29579
29580
29581
29582
29586
29587
29588
29589
29590
29592
29593
29594
29595
29596
29597
29598
29599
29600
29601
29602
29603
29604
29608
29609
29610
29611
29613
29614
29615
29616
29617
29620
29621
29622
29623
29625
29626
29627
29628
29629
29630
29631
29634
29635
29636
29638
29639
29640
29641
29642
29643
29645
29647
29648
29650
29651
29652
29653
29654
29655
29656
29657
29658
29660
29661
29662
29663
29664
29665
29666
29667
29668
29669
29670
29671
29672
29673
29674
29675
29676
29677
29678
29680
29681
29682
29683
29684
29685
29686
29687
29688
29689
29690
29691
29692
29693
29695
29696
29697
29698
29699
29700
29701
29702
29703
29704
29706
29707
29708
29711
29712
29713
29714
29716
29717
29719
29720
29722
29723
29724
29725
29726
29727
29728
29729
29730
29732
29733
29734
29735
29736
29737
29739
29740
29741
29742
29743
29744
29745
29746
29748
29749
29750
29751
29752
29753
29754
29755
29756
29757
29758
29759
29760
29761
29762
29763
29764
29765
29766
29767
29768
29769
29770
29771
29773
29774
29776
29777
29778
29779
29780
29781
29782
29783
29784
29785
29787
29788
29789
29790
29791
29792
29793
29794
29795
29796
29797
29799
29800
29801
29802
29803
29804
29805
29806
29807
29808
29809
29810
29812
29814
29815
29816
29817
29818
29819
29820
29821
29822
29823
29824
29825
29826
29827
29828
29829
29831
29834
29835
29836
29838
29839
29840
29841
29842
29843
29844
29845
29846
29847
29848
29849
29850
29851
29852
29853
29854
29856
29857
29858
29860
29861
29862
29863
29864
29865
29866
29867
29868
29869
29870
29871
29872
29873
29875
29876
29877
29878
29879
29880
29882
29883
29884
29886
29889
29890
29891
29892
29893
29894
29895
29896
29898
29899
29900
29901
29902
29903
29905
29906
29907
29908
29909
29910
29911
29912
29913
29914
29915
29916
29917
29918
29919
29921
29923
29924
29925
29927
29928
29929
29931
29932
29933
29934
29936
29937
29938
29939
29940
29941
29942
29943
29944
29945
29946
29947
29949
29950
29951
29952
29953
29954
29956
29957
29958
29959
29960
29961
29962
29963
29964
29965
29966
29967
29968
29969
29970
29971
29972
29973
29974
29975
29976
29977
29978
29979
29980
29981
29982
29983
29984
29987
29988
29989
29990
29991
29992
29994
29995
29997
29998
29999
30000
30002
30003
30004
30005
30006
30007
30008
30010
30011
30013
30014
30015
30016
30018
30019
30020
30021
30028
30029
30030
30031
30032
30033
30034
30035
30037
30038
30039
30040
30041
30042
30043
30044
30045
30047
30048
30049
30050
30051
30052
30053
30054
30055
30057
30059
30061
30062
30063
30064
30066
30068
30069
30070
30071
30072
30073
30074
30075
30076
30078
30079
30080
30081
30082
30083
30084
30086
30087
30088
30089
30090
30091
30092
30093
30094
30095
30096
30097
30098
30099
30100
30101
30102
30103
30108
30109
30110
30111
30112
30113
30114
30115
30116
30117
30118
30119
30120
30122
30123
30125
30126
30127
30128
30129
30130
30131
30132
30133
30134
30135
30136
30137
30138
30139
30140
30141
30142
30143
30144
30145
30146
30147
30148
30149
30151
30152
30153
30154
30155
30157
30158
30159
30162
30163
30164
30165
30166
30167
30168
30169
30170
30171
30172
30173
30174
30175
30176
30177
30178
30179
30180
30181
30182
30183
30184
30185
30186
30187
30188
30189
30190
30191
30192
30193
30197
30198
30199
30200
30201
30203
30204
30205
30209
30211
30212
30214
30215
30216
30217
30218
30219
30220
30221
30222
30223
30224
30226
30227
30228
30229
30230
30231
30232
30233
30234
30235
30236
30237
30238
30239
30240
30241
30244
30245
30246
30247
30248
30250
30251
30252
30254
30255
30257
30258
30259
30261
30264
30266
30268
30269
30270
30272
30273
30274
30275
30276
30277
30278
30280
30281
30282
30283
30284
30285
30287
30288
30289
30290
30291
30292
30293
30295
30296
30297
30298
30299
30300
30302
30303
30304
30305
30306
30307
30308
30310
30311
30312
30313
30314
30315
30316
30317
30318
30319
30320
30321
30322
30323
30325
30326
30328
30330
30331
30332
30333
30334
30335
30336
30337
30338
30339
30340
30341
30342
30343
30344
30346
30347
30348
30349
30350
30351
30352
30354
30355
30356
30357
30358
30359
30360
30361
30362
30363
30364
30365
30366
30367
30368
30369
30373
30374
30375
30377
30379
30380
30383
30384
30385
30386
30392
30393
30394
30395
30396
30398
30399
30400
30402
30403
30405
30406
30407
30408
30409
30410
30411
30412
30413
30414
30415
30417
30418
30419
30420
30421
30422
30423
30424
30425
30426
30427
30428
30429
30431
30432
30433
30434
30435
30436
30437
30438
30439
30440
30441
30442
30443
30444
30449
30451
30452
30453
30454
30455
30456
30459
30461
30462
30465
30466
30467
30468
30469
30470
30471
30472
30473
30474
30475
30476
30477
30478
30479
30481
30482
30484
30485
30486
30487
30488
30489
30491
30492
30494
30495
30496
30498
30499
30500
30501
30502
30503
30504
30505
30506
30507
30508
30509
30511
30512
30513
30514
30516
30519
30521
30522
30523
30524
30525
30526
30527
30528
30530
30531
30535
30536
30538
30539
30541
30543
30546
30547
30548
30549
30550
30551
30552
30553
30554
30555
30556
30557
30558
30559
30560
30561
30563
30564
30565
30566
30567
30569
30570
30571
30572
30573
30574
30575
30576
30577
30578
30579
30581
30582
30583
30584
30585
30586
30587
30588
30589
30590
30592
30593
30594
30595
30596
30597
30598
30599
30600
30602
30603
30604
30605
30606
30607
30608
30609
30610
30611
30612
30616
30618
30619
30620
30621
30622
30623
30624
30625
30626
30627
30628
30629
30630
30631
30632
30633
30634
30635
30636
30637
30638
30639
30640
30642
30643
30644
30645
30646
30647
30648
30649
30651
30653
30654
30655
30656
30657
30658
30659
30660
30661
30662
30663
30664
30665
30666
30667
30668
30669
30670
30671
30672
30673
30674
30675
30677
30678
30679
30680
30681
30682
30683
30684
30686
30687
30688
30689
30690
30691
30692
30693
30694
30695
30696
30697
30698
30699
30700
30701
30702
30703
30705
30706
30707
30708
30709
30710
30711
30712
30714
30715
30716
30717
30718
30719
30720
30721
30722
30723
30724
30725
30726
30727
30728
30729
30730
30731
30732
30733
30734
30736
30737
30738
30739
30740
30741
30742
30744
30745
30747
30748
30749
30750
30751
30753
30754
30755
30756
30759
30760
30761
30763
30764
30765
30768
30770
30771
30772
30773
30774
30775
30777
30778
30779
30780
30781
30782
30783
30784
30785
30787
30788
30789
30790
30791
30792
30793
30794
30795
30796
30797
30798
30799
30800
30801
30802
30803
30804
30806
30808
30809
30811
30812
30813
30814
30816
30817
30818
30819
30820
30822
30823
30824
30825
30826
30827
30828
30829
30830
30831
30833
30835
30836
30837
30838
30839
30841
30842
30844
30846
30847
30848
30850
30851
30852
30855
30856
30857
30858
30860
30861
30862
30865
30866
30867
30868
30869
30870
30871
30872
30873
30874
30875
30876
30877
30878
30879
30880
30881
30882
30883
30884
30885
30886
30887
30888
30889
30890
30892
30893
30894
30895
30896
30897
30898
30899
30900
30901
30902
30903
30904
30905
30906
30907
30908
30909
30910
30911
30913
30914
30915
30916
30917
30918
30919
30920
30921
30922
30923
30924
30925
30927
30929
30930
30931
30932
30933
30934
30935
30936
30937
30938
30939
30940
30941
30943
30944
30945
30946
30947
30948
30950
30951
30952
30953
30954
30955
30956
30957
30958
30959
30960
30961
30962
30963
30964
30965
30966
30967
30968
30969
30970
30971
30972
30973
30974
30975
30976
30977
30978
30979
30980
30982
30983
30984
30985
30987
30991
30992
30993
30994
30996
30997
30998
30999
31000
31001
31002
31003
31004
31005
31006
31007
31008
31010
31011
31012
31013
31014
31015
31016
31017
31018
31020
31021
31022
31023
31024
31025
31026
31027
31028
31029
31030
31031
31032
31033
31034
31035
31036
31037
31038
31039
31040
31041
31042
31043
31044
31045
31046
31047
31048
31049
31050
31051
31052
31053
31054
31055
31056
31057
31058
31059
31061
31062
31063
31065
31066
31067
31068
31069
31070
31071
31072
31073
31074
31075
31076
31078
31080
31081
31082
31083
31084
31085
31087
31088
31089
31090
31091
31093
31094
31095
31096
31098
31099
31100
31101
31102
31103
31104
31105
31106
31107
31109
31110
31111
31112
31113
31116
31117
31118
31119
31120
31123
31125
31126
31129
31130
31131
31132
31133
31134
31135
31137
31138
31139
31140
31142
31143
31144
31145
31146
31148
31149
31150
31152
31153
31154
31155
31156
31157
31158
31159
31160
31161
31162
31164
31165
31166
31167
31168
31169
31170
31171
31172
31173
31174
31175
31176
31177
31178
31179
31181
31182
31183
31184
31185
31186
31187
31188
31191
31192
31193
31194
31195
31196
31197
31198
31199
31200
31202
31203
31204
31205
31206
31207
31208
31209
31210
31211
31216
31217
31218
31219
31220
31221
31223
31224
31225
31226
31227
31228
31229
31230
31231
31232
31233
31234
31235
31236
31237
31239
31240
31241
31242
31243
31244
31245
31246
31247
31248
31249
31250
31251
31252
31253
31254
31255
31256
31257
31258
31259
31260
31261
31262
31263
31266
31267
31268
31269
31270
31271
31272
31274
31275
31276
31278
31279
31280
31281
31282
31283
31284
31286
31287
31288
31290
31291
31292
31294
31295
31296
31298
31299
31300
31301
31302
31303
31304
31305
31306
31307
31308
31309
31311
31312
31313
31314
31315
31317
31318
31319
31322
31323
31324
31325
31326
31327
31328
31329
31330
31332
31333
31334
31335
31337
31338
31339
31340
31341
31342
31343
31344
31345
31347
31348
31350
31354
31355
31356
31357
31358
31359
31361
31362
31364
31365
31366
31367
31369
31372
31373
31374
31375
31378
31380
31381
31386
31387
31388
31392
31396
31397
31398
31399
31400
31401
31402
31403
31404
31405
31406
31408
31409
31410
31411
31412
31413
31414
31415
31416
31417
31418
31419
31421
31422
31423
31424
31425
31426
31427
31429
31430
31431
31433
31434
31435
31436
31437
31438
31439
31440
31441
31442
31444
31445
31446
31447
31448
31452
31453
31454
31455
31456
31457
31459
31460
31461
31462
31464
31465
31466
31467
31468
31470
31471
31472
31473
31474
31475
31476
31477
31478
31479
31480
31481
31482
31483
31484
31485
31486
31487
31488
31489
31490
31491
31492
31493
31495
31496
31497
31498
31499
31500
31501
31502
31503
31504
31505
31506
31508
31510
31513
31515
31516
31517
31518
31519
31520
31521
31522
31523
31524
31525
31526
31527
31528
31529
31530
31531
31532
31533
31534
31535
31536
31539
31540
31541
31542
31543
31544
31545
31546
31547
31548
31549
31550
31551
31552
31553
31554
31555
31556
31557
31558
31559
31560
31561
31562
31566
31567
31568
31569
31570
31571
31572
31573
31574
31575
31576
31577
31578
31579
31581
31582
31583
31584
31586
31587
31588
31589
31590
31591
31592
31593
31594
31595
31596
31597
31598
31599
31600
31601
31602
31603
31604
31605
31606
31607
31608
31609
31610
31611
31612
31613
31615
31616
31617
31618
31621
31622
31623
31624
31625
31626
31627
31628
31629
31631
31632
31633
31635
31637
31638
31640
31641
31642
31643
31644
31645
31646
31647
31648
31649
31650
31651
31652
31653
31654
31655
31656
31657
31658
31660
31662
31663
31664
31665
31666
31667
31668
31669
31670
31671
31672
31673
31674
31675
31676
31678
31679
31680
31681
31682
31683
31685
31686
31687
31689
31690
31692
31693
31694
31696
31697
31698
31699
31700
31702
31703
31704
31705
31706
31708
31709
31710
31711
31714
31715
31717
31719
31720
31721
31722
31723
31725
31726
31727
31728
31729
31730
31731
31732
31733
31734
31735
31736
31737
31738
31739
31740
31741
31742
31743
31744
31745
31746
31747
31752
31753
31754
31757
31759
31760
31762
31763
31764
31765
31766
31770
31771
31772
31773
31774
31775
31776
31777
31778
31779
31780
31781
31782
31783
31784
31785
31786
31787
31789
31790
31791
31792
31793
31795
31796
31798
31799
31800
31801
31802
31804
31805
31806
31807
31809
31810
31811
31812
31813
31814
31815
31816
31817
31818
31819
31820
31821
31822
31823
31824
31825
31826
31827
31828
31829
31830
31831
31832
31833
31834
31835
31836
31837
31838
31839
31840
31842
31843
31844
31845
31846
31847
31848
31849
31850
31851
31852
31853
31854
31855
31856
31857
31858
31859
31860
31861
31862
31863
31864
31865
31866
31867
31868
31869
31870
31871
31872
31873
31874
31875
31876
31877
31878
31879
31880
31881
31882
31884
31886
31887
31888
31889
31890
31891
31892
31893
31894
31895
31896
31897
31898
31899
31900
31901
31902
31903
31904
31905
31906
31908
31909
31910
31911
31912
31913
31914
31916
31917
31918
31919
31920
31921
31922
31924
31925
31926
31927
31928
31929
31930
31931
31932
31933
31934
31935
31936
31937
31938
31939
31940
31941
31942
31943
31944
31945
31946
31947
31948
31950
31951
31952
31953
31954
31955
31956
31957
31958
31959
31960
31961
31962
31966
31967
31968
31969
31970
31971
31972
31973
31974
31977
31978
31979
31980
31981
31982
31984
31985
31986
31987
31988
31989
31990
31991
31992
31993
31994
31996
31997
31998
31999
32000
32001
32002
32003
32004
32005
32006
32007
32008
32009
32010
32011
32012
32014
32015
32017
32018
32022
32025
32026
32027
32029
32031
32032
32033
32034
32035
32036
32037
32038
32039
32040
32041
32042
32043
32044
32046
32047
32048
32049
32050
32051
32052
32053
32054
32057
32058
32059
32061
32062
32063
32064
32065
32066
32067
32068
32069
32070
32071
32072
32073
32074
32075
32076
32077
32078
32079
32080
32081
32082
32083
32085
32087
32088
32089
32090
32091
32092
32093
32095
32096
32097
32098
32099
32100
32101
32102
32103
32104
32105
32107
32108
32109
32110
32111
32112
32113
32114
32116
32117
32118
32119
32120
32121
32122
32123
32124
32125
32126
32127
32128
32130
32131
32132
32133
32134
32135
32136
32137
32138
32141
32142
32143
32144
32145
32148
32149
32150
32151
32152
32153
32154
32155
32156
32157
32158
32159
32160
32162
32163
32164
32165
32166
32167
32168
32169
32170
32171
32172
32173
32174
32175
32176
32177
32178
32179
32180
32181
32182
32183
32184
32185
32186
32187
32188
32189
32190
32191
32192
32193
32194
32195
32196
32197
32198
32199
32200
32201
32202
32203
32204
32205
32206
32208
32209
32211
32213
32215
32217
32218
32221
32222
32223
32224
32225
32226
32227
32228
32229
32230
32231
32232
32233
32234
32235
32236
32238
32239
32240
32241
32242
32243
32244
32245
32246
32247
32248
32249
32250
32251
32252
32253
32254
32255
32256
32257
32258
32259
32260
32261
32262
32263
32264
32265
32266
32267
32268
32270
32271
32273
32274
32275
32276
32277
32278
32279
32280
32281
32282
32283
32285
32287
32288
32289
32290
32291
32295
32296
32297
32299
32301
32303
32306
32307
32309
32310
32311
32312
32313
32314
32315
32316
32317
32318
32319
32320
32321
32322
32323
32324
32325
32326
32327
32328
32329
32330
32331
32332
32333
32335
32336
32337
32339
32340
32341
32342
32343
32344
32345
32346
32347
32348
32349
32350
32351
32352
32353
32354
32355
32356
32360
32361
32363
32364
32365
32366
32367
32368
32369
32370
32371
32372
32373
32374
32375
32376
32377
32378
32379
32381
32382
32383
32384
32385
32386
32387
32388
32389
32390
32391
32392
32394
32395
32398
32399
32400
32401
32402
32403
32404
32405
32406
32407
32408
32409
32410
32411
32412
32414
32415
32416
32417
32418
32419
32420
32421
32422
32423
32424
32425
32426
32427
32428
32430
32432
32433
32434
32436
32437
32438
32439
32440
32441
32442
32443
32444
32445
32446
32447
32448
32449
32450
32451
32453
32454
32455
32457
32458
32459
32460
32461
32462
32463
32464
32465
32466
32467
32468
32469
32470
32471
32472
32473
32474
32475
32477
32478
32479
32480
32481
32482
32483
32484
32485
32486
32487
32488
32489
32490
32491
32492
32493
32494
32495
32496
32497
32498
32499
32500
32501
32502
32503
32505
32507
32508
32509
32510
32511
32512
32513
32514
32516
32517
32518
32520
32522
32523
32524
32526
32527
32528
32529
32530
32531
32532
32533
32534
32535
32538
32539
32540
32541
32542
32543
32546
32547
32548
32549
32551
32553
32554
32556
32557
32558
32559
32560
32562
32563
32564
32565
32567
32569
32570
32571
32572
32573
32574
32575
32576
32578
32579
32580
32581
32582
32583
32584
32586
32587
32588
32589
32590
32591
32592
32593
32594
32595
32596
32597
32598
32599
32600
32601
32602
32603
32604
32605
32607
32609
32611
32612
32613
32614
32615
32616
32617
32618
32619
32620
32621
32622
32623
32624
32625
32626
32627
32628
32629
32630
32631
32632
32635
32637
32638
32639
32640
32641
32642
32643
32644
32645
32646
32647
32648
32649
32650
32651
32652
32653
32654
32655
32656
32657
32658
32659
32660
32661
32663
32665
32666
32667
32668
32669
32670
32671
32672
32674
32675
32676
32677
32678
32679
32680
32681
32682
32684
32685
32686
32687
32688
32689
32690
32691
32692
32694
32695
32696
32698
32699
32700
32701
32702
32704
32705
32706
32707
32708
32709
32710
32711
32712
32713
32714
32715
32716
32717
32718
32719
32720
32721
32722
32723
32725
32726
32729
32730
32732
32733
32734
32735
32736
32737
32738
32739
32740
32741
32742
32743
32744
32745
32746
32748
32749
32750
32751
32753
32754
32755
32756
32758
32759
32760
32761
32762
32763
32764
32765
32766
32767
32768
32769
32770
32771
32772
32773
32774
32775
32777
32778
32779
32781
32782
32785
32786
32787
32788
32789
32790
32792
32793
32794
32795
32796
32797
32798
32799
32800
32801
32802
32803
32804
32805
32806
32807
32808
32809
32810
32811
32813
32814
32815
32816
32817
32818
32819
32821
32822
32823
32824
32825
32826
32827
32828
32829
32830
32831
32832
32833
32834
32836
32837
32838
32839
32840
32841
32842
32843
32844
32847
32848
32849
32851
32852
32854
32855
32856
32857
32858
32859
32861
32863
32866
32869
32870
32871
32872
32873
32874
32875
32876
32877
32878
32879
32880
32882
32883
32884
32885
32887
32888
32889
32890
32891
32892
32893
32894
32895
32896
32897
32898
32899
32900
32901
32902
32903
32904
32905
32906
32907
32908
32909
32910
32911
32912
32913
32914
32915
32916
32918
32920
32925
32926
32929
32930
32931
32933
32934
32935
32936
32937
32938
32940
32941
32942
32943
32944
32945
32946
32947
32948
32949
32950
32951
32954
32955
32956
32957
32958
32959
32960
32961
32963
32964
32966
32967
32968
32969
32970
32971
32972
32973
32974
32975
32976
32977
32978
32979
32980
32981
32982
32983
32984
32985
32986
32987
32988
32989
32991
32992
32993
32994
32995
32996
32997
32998
32999
33000
33001
33002
33003
33004
33005
33007
33008
33009
33010
33013
33016
33017
33018
33019
33020
33021
33022
33023
33024
33025
33026
33027
33028
33029
33030
33031
33032
33033
33034
33035
33036
33037
33038
33039
33042
33043
33044
33045
33046
33047
33048
33049
33050
33051
33052
33054
33055
33056
33058
33059
33060
33061
33062
33063
33064
33065
33069
33070
33071
33072
33073
33074
33075
33076
33077
33078
33079
33080
33081
33082
33083
33084
33085
33087
33089
33090
33091
33092
33093
33094
33095
33096
33098
33099
33100
33101
33102
33103
33104
33105
33106
33107
33108
33109
33110
33111
33112
33113
33114
33115
33116
33117
33118
33119
33120
33121
33122
33123
33124
33125
33126
33127
33128
33129
33130
33131
33132
33133
33135
33136
33137
33139
33140
33141
33142
33143
33144
33145
33146
33147
33148
33149
33150
33151
33152
33153
33154
33155
33156
33157
33158
33159
33160
33161
33162
33163
33164
33166
33167
33168
33169
33170
33171
33172
33173
33174
33175
33176
33177
33178
33179
33180
33181
33182
33183
33184
33185
33186
33187
33188
33189
33190
33191
33192
33193
33194
33195
33197
33198
33199
33200
33201
33202
33203
33204
33205
33206
33207
33208
33209
33210
33211
33212
33213
33214
33215
33216
33217
33218
33219
33220
33221
33222
33223
33224
33225
33226
33227
33229
33230
33231
33232
33233
33234
33235
33236
33237
33238
33239
33240
33241
33242
33243
33244
33245
33247
33248
33250
33251
33252
33253
33254
33255
33256
33257
33258
33259
33260
33261
33262
33263
33265
33266
33268
33269
33270
33271
33272
33273
33274
33275
33276
33277
33278
33279
33280
33281
33282
33283
33284
33286
33287
33288
33289
33290
33291
33292
33293
33294
33295
33296
33297
33298
33299
33300
33301
33302
33303
33304
33305
33306
33309
33310
33311
33312
33313
33314
33315
33317
33318
33320
33321
33322
33323
33324
33325
33326
33327
33328
33329
33330
33331
33332
33333
33334
33336
33339
33340
33341
33343
33344
33346
33347
33348
33349
33350
33351
33353
33356
33357
33358
33359
33360
33361
33362
33363
33364
33365
33367
33370
33371
33372
33373
33374
33375
33376
33377
33378
33379
33380
33381
33382
33383
33384
33386
33387
33388
33390
33391
33392
33393
33395
33396
33399
33400
33401
33402
33403
33404
33405
33406
33407
33408
33410
33411
33412
33413
33414
33415
33416
33417
33418
33420
33422
33423
33424
33425
33426
33427
33428
33429
33430
33431
33432
33433
33434
33435
33436
33437
33438
33439
33440
33441
33442
33443
33444
33445
33446
33447
33448
33449
33450
33451
33455
33456
33458
33459
33460
33461
33462
33463
33464
33465
33466
33467
33468
33469
33470
33471
33472
33473
33474
33475
33477
33478
33480
33481
33482
33483
33484
33485
33486
33487
33488
33489
33490
33491
33492
33493
33494
33495
33496
33497
33498
33499
33500
33501
33502
33504
33505
33506
33507
33508
33509
33510
33511
33512
33513
33515
33516
33517
33518
33519
33521
33522
33523
33525
33526
33527
33528
33529
33530
33531
33532
33533
33534
33535
33536
33537
33538
33539
33540
33541
33542
33543
33544
33545
33546
33547
33549
33550
33551
33552
33553
33554
33555
33556
33557
33558
33561
33563
33564
33565
33566
33568
33569
33570
33571
33572
33573
33574
33575
33576
33577
33578
33579
33580
33581
33582
33585
33586
33589
33591
33592
33593
33595
33596
33597
33598
33599
33602
33603
33604
33605
33606
33607
33608
33609
33610
33611
33612
33613
33615
33616
33618
33619
33620
33621
33622
33623
33624
33625
33626
33627
33628
33629
33630
33631
33632
33633
33634
33635
33636
33637
33638
33639
33640
33641
33642
33644
33645
33646
33647
33648
33649
33651
33653
33654
33655
33656
33657
33658
33659
33661
33662
33664
33665
33666
33669
33670
33671
33672
33673
33674
33675
33676
33677
33678
33679
33681
33682
33683
33684
33685
33687
33688
33689
33690
33691
33692
33693
33694
33695
33698
33699
33700
33701
33702
33703
33704
33705
33706
33707
33708
33709
33710
33712
33713
33714
33715
33716
33717
33718
33719
33720
33721
33722
33723
33724
33725
33726
33727
33728
33729
33730
33731
33732
33733
33734
33736
33738
33740
33742
33743
33744
33745
33746
33747
33748
33749
33750
33751
33752
33753
33754
33755
33756
33757
33758
33759
33760
33761
33762
33763
33764
33765
33766
33768
33769
33770
33773
33774
33777
33778
33779
33780
33784
33785
33786
33787
33788
33789
33790
33791
33792
33793
33794
33795
33796
33797
33798
33799
33800
33801
33802
33803
33805
33806
33807
33808
33809
33810
33811
33812
33813
33814
33815
33816
33817
33819
33821
33822
33823
33824
33825
33826
33827
33829
33830
33832
33835
33836
33837
33839
33840
33841
33842
33843
33844
33845
33846
33847
33848
33850
33851
33852
33853
33855
33856
33857
33858
33861
33862
33863
33864
33865
33866
33868
33869
33870
33871
33875
33876
33877
33878
33879
33880
33881
33882
33883
33886
33887
33889
33890
33891
33892
33893
33894
33895
33896
33897
33898
33900
33901
33905
33906
33908
33910
33911
33915
33917
33918
33919
33920
33921
33922
33923
33924
33925
33926
33927
33928
33930
33931
33932
33933
33934
33936
33937
33938
33939
33940
33941
33943
33944
33945
33946
33947
33948
33949
33950
33951
33952
33953
33955
33956
33957
33958
33959
33960
33961
33962
33963
33964
33965
33966
33967
33968
33969
33971
33972
33973
33974
33975
33976
33977
33980
33981
33982
33983
33984
33985
33986
33987
33988
33990
33991
33995
33996
33997
33998
33999
34000
34001
34002
34004
34005
34006
34007
34008
34009
34010
34011
34012
34013
34014
34015
34016
34017
34018
34019
34020
34021
34022
34023
34024
34026
34027
34029
34030
34032
34033
34034
34035
34036
34037
34038
34039
34040
34041
34042
34043
34044
34045
34046
34047
34048
34049
34050
34051
34052
34053
34054
34056
34057
34058
34059
34060
34061
34062
34063
34064
34065
34066
34067
34068
34069
34070
34071
34072
34073
34074
34075
34076
34077
34078
34079
34080
34081
34082
34083
34084
34085
34086
34087
34088
34089
34092
34095
34096
34097
34098
34099
34100
34102
34103
34104
34105
34106
34108
34109
34110
34111
34112
34113
34114
34115
34116
34117
34118
34119
34120
34121
34122
34123
34124
34125
34126
34127
34128
34129
34130
34131
34132
34133
34134
34135
34136
34137
34138
34140
34142
34143
34144
34145
34146
34147
34148
34149
34150
34151
34152
34153
34154
34155
34156
34157
34158
34159
34160
34161
34162
34163
34164
34165
34168
34169
34170
34171
34173
34175
34176
34177
34178
34179
34180
34181
34182
34183
34184
34185
34186
34187
34188
34190
34191
34192
34193
34194
34195
34196
34198
34199
34200
34201
34202
34203
34204
34205
34206
34207
34208
34209
34210
34211
34212
34213
34214
34215
34216
34217
34218
34220
34221
34222
34223
34224
34225
34226
34227
34228
34230
34231
34234
34235
34236
34237
34238
34239
34240
34241
34242
34243
34244
34245
34246
34247
34248
34249
34250
34251
34252
34253
34254
34255
34256
34258
34260
34261
34262
34263
34264
34265
34266
34267
34268
34270
34271
34272
34273
34274
34275
34276
34277
34278
34279
34280
34281
34282
34283
34284
34286
34287
34288
34289
34290
34291
34293
34294
34295
34296
34297
34298
34299
34301
34302
34303
34304
34306
34307
34308
34309
34310
34311
34312
34313
34314
34315
34316
34317
34318
34319
34320
34324
34325
34326
34327
34328
34329
34330
34331
34332
34333
34334
34335
34336
34337
34338
34339
34340
34341
34342
34343
34345
34346
34347
34348
34349
34350
34351
34352
34354
34355
34356
34357
34358
34359
34360
34361
34362
34363
34364
34365
34366
34367
34369
34370
34371
34373
34375
34376
34377
34378
34379
34380
34381
34382
34383
34384
34385
34386
34387
34388
34389
34390
34391
34392
34393
34394
34395
34396
34397
34398
34399
34400
34401
34402
34403
34404
34405
34406
34407
34408
34409
34411
34413
34414
34417
34418
34419
34420
34421
34422
34423
34424
34425
34426
34427
34428
34429
34430
34431
34432
34433
34434
34436
34437
34438
34439
34440
34441
34443
34444
34445
34446
34447
34448
34449
34450
34451
34452
34453
34454
34455
34456
34457
34458
34460
34461
34463
34465
34466
34467
34468
34470
34471
34472
34473
34474
34475
34476
34477
34478
34479
34480
34481
34482
34483
34484
34485
34486
34490
34491
34493
34494
34495
34496
34497
34498
34499
34500
34501
34502
34505
34506
34508
34509
34510
34511
34513
34514
34515
34516
34517
34518
34519
34520
34521
34522
34523
34524
34525
34526
34527
34528
34529
34530
34531
34532
34533
34534
34535
34536
34537
34538
34539
34540
34541
34542
34543
34544
34545
34546
34547
34548
34550
34551
34553
34554
34557
34558
34559
34560
34561
34562
34564
34565
34566
34567
34568
34569
34570
34571
34572
34573
34574
34575
34576
34577
34582
34583
34584
34585
34586
34587
34588
34589
34590
34591
34592
34593
34595
34597
34598
34599
34600
34601
34602
34603
34604
34605
34606
34607
34608
34610
34611
34612
34614
34615
34616
34617
34618
34619
34620
34621
34622
34623
34624
34625
34626
34627
34628
34629
34630
34631
34632
34633
34634
34635
34636
34638
34639
34640
34641
34643
34644
34645
34646
34647
34648
34649
34650
34651
34652
34653
34654
34655
34656
34660
34662
34663
34664
34665
34666
34667
34668
34669
34670
34671
34673
34674
34675
34676
34677
34678
34679
34680
34681
34682
34683
34684
34685
34686
34687
34688
34689
34690
34691
34692
34693
34694
34695
34696
34697
34698
34699
34700
34701
34702
34703
34704
34706
34707
34709
34711
34712
34713
34714
34715
34716
34717
34718
34719
34720
34721
34723
34724
34725
34726
34727
34728
34729
34730
34731
34732
34733
34734
34735
34736
34737
34738
34739
34740
34741
34742
34743
34744
34745
34746
34747
34748
34749
34750
34751
34752
34753
34754
34755
34757
34759
34760
34761
34762
34763
34764
34765
34766
34767
34768
34769
34770
34772
34773
34774
34775
34776
34778
34779
34780
34781
34782
34783
34784
34785
34787
34788
34789
34790
34791
34793
34794
34797
34798
34799
34800
34801
34802
34803
34804
34805
34806
34807
34808
34809
34810
34811
34812
34813
34816
34817
34818
34819
34820
34821
34822
34823
34824
34825
34826
34827
34828
34829
34830
34831
34832
34833
34834
34835
34836
34837
34838
34839
34840
34841
34842
34843
34844
34845
34846
34847
34848
34849
34850
34852
34853
34854
34855
34856
34857
34858
34859
34860
34861
34862
34863
34864
34865
34866
34867
34868
34869
34871
34872
34873
34874
34875
34876
34877
34878
34879
34880
34881
34882
34883
34884
34885
34887
34888
34889
34890
34891
34892
34893
34894
34895
34896
34897
34899
34900
34901
34902
34903
34905
34906
34907
34908
34909
34910
34911
34912
34913
34914
34915
34916
34917
34919
34920
34921
34923
34924
34925
34926
34927
34929
34931
34932
34936
34937
34938
34939
34940
34941
34942
34943
34944
34946
34947
34948
34949
34950
34951
34952
34953
34954
34956
34957
34958
34959
34960
34961
34962
34963
34964
34965
34966
34967
34968
34969
34970
34971
34972
34973
34974
34975
34976
34977
34978
34979
34981
34982
34983
34985
34986
34988
34989
34990
34991
34992
34993
34994
34995
34997
34998
34999
35000
35001
35002
35003
35004
35005
35006
35007
35008
35009
35010
35011
35012
35013
35014
35015
35016
35018
35019
35020
35021
35022
35023
35029
35031
35032
35033
35034
35039
35042
35043
35044
35045
35046
35047
35048
35049
35050
35051
35053
35054
35055
35056
35058
35059
35060
35061
35062
35063
35064
35065
35066
35068
35069
35070
35071
35072
35073
35074
35075
35076
35078
35079
35080
35081
35082
35084
35085
35086
35087
35088
35089
35090
35091
35092
35093
35094
35095
35097
35098
35099
35100
35102
35103
35104
35105
35106
35107
35108
35109
35110
35111
35112
35113
35114
35115
35116
35117
35118
35119
35120
35121
35123
35124
35125
35126
35127
35128
35129
35130
35131
35132
35134
35135
35136
35137
35138
35139
35140
35141
35142
35143
35144
35145
35146
35147
35148
35149
35150
35151
35153
35154
35155
35156
35157
35158
35159
35160
35161
35162
35163
35164
35165
35166
35167
35168
35169
35170
35171
35172
35173
35174
35175
35176
35177
35178
35180
35181
35182
35183
35184
35185
35186
35187
35190
35191
35192
35194
35195
35196
35197
35198
35199
35200
35201
35203
35204
35208
35209
35210
35211
35212
35213
35214
35215
35216
35217
35218
35219
35220
35221
35222
35225
35226
35227
35228
35229
35230
35231
35232
35233
35234
35235
35236
35238
35239
35240
35241
35243
35245
35246
35247
35248
35249
35250
35251
35252
35253
35254
35255
35256
35258
35260
35261
35262
35263
35264
35265
35266
35267
35268
35269
35270
35271
35272
35273
35274
35275
35276
35278
35279
35280
35281
35282
35283
35284
35285
35286
35287
35288
35289
35290
35291
35292
35293
35294
35295
35296
35297
35298
35299
35300
35301
35302
35303
35304
35305
35306
35308
35309
35310
35311
35312
35313
35314
35315
35317
35318
35319
35320
35321
35323
35324
35325
35326
35327
35328
35329
35330
35331
35332
35334
35335
35336
35337
35338
35339
35340
35341
35342
35343
35344
35345
35346
35347
35348
35349
35350
35351
35352
35353
35354
35355
35356
35357
35358
35359
35360
35361
35362
35363
35364
35365
35366
35367
35368
35369
35370
35371
35372
35373
35374
35375
35376
35377
35378
35379
35380
35382
35383
35384
35385
35386
35387
35388
35389
35390
35391
35392
35394
35395
35396
35397
35399
35400
35401
35402
35403
35404
35405
35408
35409
35410
35411
35412
35414
35415
35416
35417
35418
35419
35421
35422
35423
35424
35425
35426
35427
35428
35429
35430
35431
35432
35433
35434
35435
35437
35438
35439
35440
35441
35443
35444
35445
35446
35447
35448
35449
35450
35451
35452
35454
35455
35458
35459
35461
35462
35463
35465
35466
35467
35468
35469
35470
35471
35472
35473
35474
35475
35476
35477
35478
35479
35480
35481
35483
35484
35485
35486
35487
35488
35489
35490
35491
35492
35493
35494
35495
35496
35497
35499
35500
35501
35505
35506
35507
35508
35509
35510
35511
35512
35514
35515
35516
35517
35518
35519
35521
35522
35523
35524
35525
35526
35528
35529
35530
35531
35533
35534
35535
35536
35537
35538
35540
35541
35542
35543
35544
35545
35546
35547
35548
35549
35550
35551
35552
35553
35554
35555
35556
35557
35558
35559
35560
35561
35562
35563
35564
35565
35566
35567
35568
35569
35570
35571
35572
35573
35574
35575
35577
35578
35579
35580
35581
35582
35583
35585
35586
35587
35588
35589
35590
35591
35592
35593
35594
35595
35596
35597
35598
35599
35600
35601
35602
35603
35604
35605
35606
35607
35608
35609
35610
35611
35612
35613
35614
35615
35616
35617
35618
35619
35620
35621
35622
35623
35624
35625
35626
35627
35628
35629
35630
35631
35632
35633
35634
35635
35636
35637
35638
35639
35640
35641
35642
35643
35644
35645
35646
35647
35648
35649
35650
35651
35652
35653
35654
35655
35656
35657
35658
35659
35660
35661
35662
35663
35664
35665
35666
35667
35668
35669
35670
35671
35672
35674
35675
35676
35677
35678
35679
35680
35681
35682
35684
35685
35686
35687
35688
35689
35691
35692
35693
35694
35695
35696
35697
35698
35699
35700
35701
35703
35704
35705
35706
35707
35708
35709
35711
35712
35713
35714
35715
35716
35717
35718
35719
35720
35721
35722
35724
35725
35726
35727
35728
35730
35731
35732
35733
35734
35735
35737
35738
35739
35740
35741
35742
35743
35744
35745
35746
35748
35749
35750
35751
35753
35754
35756
35757
35758
35759
35760
35761
35762
35763
35764
35765
35766
35767
35768
35769
35770
35771
35772
35774
35775
35776
35777
35778
35779
35780
35781
35782
35783
35784
35785
35786
35788
35790
35792
35795
35796
35797
35799
35800
35801
35802
35803
35804
35805
35806
35807
35808
35809
35810
35811
35812
35814
35815
35817
35819
35820
35821
35822
35823
35824
35825
35826
35827
35828
35829
35830
35831
35832
35833
35834
35836
35838
35839
35840
35841
35843
35844
35845
35846
35847
35848
35850
35851
35852
35853
35854
35855
35856
35857
35858
35859
35860
35862
35863
35864
35865
35866
35867
35868
35869
35870
35872
35873
35875
35876
35877
35878
35879
35880
35881
35882
35883
35884
35885
35886
35887
35888
35889
35890
35891
35893
35894
35895
35896
35897
35898
35899
35900
35901
35902
35903
35904
35905
35906
35907
35908
35909
35910
35911
35912
35913
35914
35915
35917
35918
35919
35920
35921
35922
35923
35924
35925
35926
35927
35928
35929
35930
35931
35932
35933
35934
35935
35936
35937
35938
35939
35940
35941
35942
35943
35945
35946
35947
35948
35949
35950
35951
35952
35953
35954
35955
35956
35958
35959
35960
35961
35962
35963
35964
35965
35966
35967
35968
35969
35970
35972
35974
35975
35977
35978
35979
35980
35981
35982
35983
35984
35986
35987
35988
35989
35990
35991
35993
35994
35995
35996
35997
35998
35999
36000
36001
36002
36003
36004
36005
36006
36007
36008
36009
36010
36011
36012
36013
36014
36015
36016
36017
36018
36019
36020
36021
36023
36024
36025
36028
36029
36030
36031
36032
36033
36034
36035
36036
36037
36038
36039
36040
36041
36042
36043
36044
36045
36046
36047
36048
36049
36050
36052
36053
36054
36055
36056
36057
36058
36059
36060
36061
36062
36063
36064
36066
36067
36068
36069
36070
36071
36072
36073
36074
36075
36076
36078
36079
36080
36083
36084
36087
36088
36089
36090
36091
36092
36093
36094
36095
36096
36097
36098
36099
36100
36101
36103
36104
36105
36106
36107
36108
36109
36110
36112
36113
36114
36115
36116
36117
36118
36119
36120
36122
36123
36124
36125
36126
36127
36128
36130
36131
36132
36133
36135
36136
36137
36138
36139
36140
36141
36142
36143
36145
36146
36147
36148
36149
36150
36151
36152
36153
36154
36155
36156
36157
36158
36159
36160
36161
36162
36163
36164
36165
36166
36168
36169
36170
36171
36172
36173
36174
36175
36176
36177
36178
36179
36180
36181
36182
36183
36184
36185
36186
36187
36188
36189
36190
36191
36192
36193
36195
36196
36197
36198
36199
36200
36203
36204
36205
36206
36207
36208
36209
36210
36211
36212
36213
36214
36215
36216
36217
36218
36219
36220
36221
36222
36223
36224
36225
36226
36228
36229
36230
36232
36233
36234
36236
36238
36239
36240
36241
36242
36243
36244
36245
36246
36247
36248
36249
36250
36252
36253
36254
36255
36256
36257
36258
36259
36260
36261
36263
36264
36265
36266
36268
36269
36270
36271
36272
36274
36275
36276
36277
36278
36279
36280
36281
36282
36283
36284
36285
36286
36287
36288
36289
36290
36291
36293
36294
36295
36297
36299
36300
36301
36302
36303
36304
36305
36306
36307
36308
36309
36310
36311
36312
36313
36315
36316
36317
36320
36321
36322
36323
36324
36325
36326
36327
36328
36329
36330
36331
36332
36333
36334
36335
36336
36337
36338
36339
36340
36341
36342
36343
36344
36345
36346
36347
36348
36349
36350
36351
36353
36354
36356
36357
36358
36359
36360
36361
36362
36363
36364
36365
36366
36367
36368
36369
36370
36371
36372
36373
36374
36375
36376
36377
36378
36379
36380
36381
36382
36383
36384
36385
36386
36387
36388
36389
36390
36391
36392
36394
36395
36396
36397
36398
36399
36400
36401
36402
36403
36404
36405
36406
36407
36408
36409
36411
36412
36413
36414
36415
36416
36417
36418
36419
36420
36421
36422
36423
36424
36428
36429
36430
36431
36432
36433
36434
36435
36436
36437
36438
36439
36440
36441
36442
36443
36444
36445
36446
36447
36448
36449
36450
36451
36452
36453
36454
36455
36456
36457
36459
36460
36462
36464
36465
36466
36467
36468
36469
36470
36471
36472
36473
36474
36475
36476
36477
36478
36479
36480
36481
36483
36484
36485
36486
36487
36488
36489
36490
36492
36493
36494
36495
36496
36497
36498
36499
36500
36501
36502
36503
36504
36505
36506
36507
36508
36509
36511
36512
36513
36514
36515
36516
36517
36518
36520
36521
36522
36524
36525
36526
36527
36529
36530
36531
36532
36533
36534
36535
36536
36537
36538
36539
36540
36541
36542
36543
36544
36545
36546
36547
36549
36550
36552
36553
36555
36556
36557
36558
36559
36560
36561
36562
36563
36564
36565
36566
36567
36568
36569
36570
36571
36572
36573
36574
36575
36576
36577
36578
36579
36580
36581
36582
36583
36584
36585
36586
36587
36588
36589
36590
36591
36592
36593
36594
36595
36596
36597
36598
36599
36600
36601
36602
36603
36604
36605
36607
36608
36609
36610
36611
36612
36613
36614
36615
36616
36617
36618
36619
36620
36621
36622
36623
36624
36625
36626
36627
36628
36629
36630
36631
36632
36633
36634
36635
36636
36637
36638
36640
36642
36643
36644
36645
36647
36648
36649
36650
36651
36652
36653
36654
36655
36656
36657
36658
36659
36660
36661
36662
36663
36664
36665
36666
36667
36668
36669
36670
36671
36672
36673
36674
36675
36676
36678
36679
36680
36681
36682
36683
36684
36685
36686
36687
36688
36689
36690
36691
36692
36693
36694
36695
36696
36697
36699
36700
36701
36702
36703
36704
36705
36706
36707
36709
36710
36712
36713
36715
36716
36717
36718
36719
36720
36721
36722
36723
36724
36725
36726
36727
36728
36729
36730
36731
36732
36733
36734
36735
36736
36737
36738
36739
36740
36741
36742
36743
36744
36745
36746
36747
36748
36749
36750
36751
36752
36753
36755
36756
36757
36758
36759
36760
36762
36763
36764
36765
36766
36767
36768
36769
36771
36772
36773
36775
36776
36777
36778
36779
36781
36782
36783
36784
36785
36786
36787
36788
36789
36790
36791
36792
36793
36794
36795
36796
36797
36798
36799
36800
36801
36802
36803
36804
36805
36806
36807
36808
36810
36811
36812
36813
36814
36815
36816
36817
36818
36819
36820
36821
36822
36823
36824
36825
36826
36827
36828
36829
36830
36831
36832
36833
36834
36835
36836
36837
36838
36839
36840
36841
36842
36843
36846
36847
36848
36849
36850
36851
36852
36853
36854
36856
36857
36858
36859
36860
36861
36862
36863
36864
36865
36866
36868
36869
36870
36871
36872
36873
36874
36875
36876
36877
36878
36879
36880
36881
36882
36883
36884
36885
36886
36887
36888
36889
36890
36891
36892
36893
36894
36895
36896
36897
36898
36899
36900
36901
36902
36903
36904
36905
36906
36907
36908
36909
36910
36911
36912
36913
36914
36916
36917
36918
36919
36920
36921
36922
36923
36924
36925
36926
36927
36928
36929
36930
36931
36932
36933
36934
36935
36936
36938
36939
36940
36941
36942
36943
36944
36945
36946
36947
36948
36949
36950
36951
36952
36953
36956
36957
36958
36959
36960
36961
36962
36963
36964
36965
36966
36967
36968
36969
36970
36971
36972
36973
36974
36975
36976
36977
36978
36979
36980
36981
36982
36983
36984
36985
36986
36987
36988
36989
36990
36991
36992
36993
36994
36995
36996
36997
36998
36999
37000
37001
37002
37003
37004
37005
37006
37007
37008
37009
37010
37011
37012
37013
37014
37015
37016
37017
37018
37019
37020
37021
37022
37023
37024
37025
37026
37027
37028
37029
37030
37031
37033
37034
37035
37036
37037
37038
37039
37040
37041
37043
37044
37046
37047
37048
37049
37050
37052
37053
37054
37055
37056
37057
37058
37059
37060
37061
37062
37063
37064
37065
37066
37067
37068
37069
37070
37071
37072
37073
37074
37075
37076
37077
37078
37079
37080
37081
37082
37084
37085
37086
37087
37088
37089
37090
37091
37092
37093
37094
37095
37096
37099
37100
37101
37102
37103
37104
37106
37107
37108
37109
37110
37111
37112
37113
37114
37115
37116
37117
37118
37119
37120
37121
37122
37123
37124
37125
37126
37127
37128
37129
37130
37131
37132
37133
37134
37135
37136
37138
37140
37141
37142
37143
37144
37145
37146
37147
37148
37149
37150
37151
37152
37153
37154
37155
37156
37157
37158
37159
37160
37161
37162
37163
37164
37165
37166
37167
37168
37169
37170
37171
37172
37173
37174
37175
37176
37177
37179
37180
37181
37182
37183
37184
37185
37186
37187
37188
37189
37190
37191
37192
37193
37194
37195
37197
37198
37199
37200
37201
37202
37203
37204
37205
37206
37207
37208
37209
37210
37211
37213
37214
37215
37216
37217
37218
37219
37220
37222
37223
37224
37225
37226
37227
37228
37229
37230
37231
37232
37233
37234
37235
37236
37237
37238
37239
37242
37243
37245
37246
37247
37249
37250
37251
37252
37253
37254
37255
37256
37257
37258
37259
37260
37262
37263
37264
37265
37266
37267
37268
37269
37270
37271
37272
37273
37274
37275
37276
37277
37278
37279
37280
37281
37282
37283
37284
37285
37287
37288
37289
37290
37291
37292
37293
37294
37295
37296
37297
37298
37299
37300
37301
37302
37303
37304
37305
37306
37307
37308
37309
37310
37311
37312
37313
37314
37315
37316
37317
37318
37319
37320
37321
37322
37323
37324
37325
37326
37327
37328
37329
37330
37331
37332
37333
37334
37335
37336
37337
37338
37339
37340
37341
37342
37343
37344
37345
37346
37347
37348
37349
37351
37352
37353
37354
37355
37356
37357
37358
37359
37360
37361
37362
37363
37364
37365
37367
37368
37369
37370
37371
37372
37373
37374
37375
37376
37377
37378
37379
37380
37381
37382
37383
37384
37385
37387
37388
37389
37390
37391
37392
37393
37394
37395
37396
37397
37398
37400
37401
37402
37403
37404
37405
37406
37407
37408
37409
37410
37411
37412
37413
37414
37415
37416
37417
37418
37419
37420
37421
37422
37423
37424
37425
37426
37427
37428
37429
37430
37431
37432
37433
37435
37436
37437
37438
37439
37440
37441
37442
37443
37444
37445
37446
37447
37448
37449
37450
37451
37452
37453
37454
37455
37456
37457
37458
37459
37460
37461
37462
37463
37464
37465
37466
37467
37468
37469
37470
37471
37472
37474
37475
37477
37478
37479
37480
37481
37482
37483
37484
37485
37486
37487
37488
37489
37490
37491
37492
37493
37494
37495
37496
37497
37498
37499
37500
37501
37502
37503
37504
37505
37506
37507
37508
37509
37510
37511
37512
37513
37514
37515
37516
37517
37518
37519
37520
37521
37522
37523
37524
37525
37526
37527
37528
37529
37530
37531
37532
37533
37534
37535
37536
37537
37538
37539
37540
37541
37542
37543
37544
37545
37546
37547
37548
37549
37550
37551
37552
37553
37554
37555
37556
37557
37558
37559
37560
37561
37562
37563
37564
37565
37566
37567
37568
37569
37570
37571
37572
37573
37574
37575
37576
37577
37578
37579
37580
37581
37583
37584
37585
37586
37587
37588
37589
37591
37592
37593
37594
37595
37596
37597
37598
37599
37600
37602
37603
37604
37605
37607
37608
37609
37610
37611
37612
37613
37614
37615
37616
37617
37618
37619
37620
37621
37622
37623
37624
37625
37626
37628
37629
37630
37631
37633
37634
37635
37636
37638
37639
37640
37641
37642
37643
37644
37645
37646
37647
37648
37649
37650
37651
37652
37653
37654
37655
37656
37657
37658
37659
37660
37661
37662
37663
37664
37665
37666
37667
37668
37669
37670
37671
37673
37674
37675
37676
37677
37678
37679
37680
37681
37682
37683
37684
37685
37686
37687
37688
37689
37690
37691
37692
37693
37694
37695
37696
37697
37698
37699
37700
37701
37702
37703
37704
37705
37706
37707
37708
37709
37711
37712
37713
37714
37715
37716
37717
37718
37719
37720
37721
37722
37723
37724
37725
37726
37727
37728
37729
37730
37731
37732
37734
37735
37738
37739
37740
37741
37742
37743
37744
37745
37746
37747
37748
37749
37750
37751
37752
37753
37754
37755
37756
37757
37758
37759
37760
37761
37762
37763
37764
37765
37766
37767
37768
37769
37770
37771
37772
37773
37774
37775
37776
37777
37778
37779
37781
37782
37783
37784
37785
37786
37787
37788
37789
37790
37791
37792
37793
37794
37796
37797
37798
37799
37800
37801
37802
37803
37804
37806
37807
37808
37809
37810
37812
37813
37814
37815
37816
37817
37818
37819
37821
37822
37823
37824
37825
37826
37827
37828
37829
37830
37831
37832
37833
37834
37835
37836
37837
37838
37839
37840
37841
37842
37843
37844
37845
37846
37847
37848
37849
37850
37851
37852
37853
37854
37856
37857
37858
37859
37860
37861
37862
37863
37864
37865
37866
37867
37868
37869
37870
37871
37872
37873
37874
37875
37876
37877
37878
37879
37880
37881
37882
37883
37884
37885
37886
37887
37888
37889
37890
37891
37893
37894
37895
37896
37897
37898
37899
37900
37902
37903
37904
37906
37907
37908
37909
37910
37911
37912
37913
37914
37916
37917
37918
37919
37920
37921
37922
37923
37924
37925
37926
37927
37928
37929
37930
37931
37932
37933
37934
37935
37936
37937
37938
37939
37940
37941
37942
37943
37944
37945
37946
37947
37948
37949
37950
37951
37952
37953
37954
37955
37956
37957
37958
37959
37960
37962
37963
37964
37965
37966
37967
37968
37969
37970
37971
37972
37973
37974
37975
37976
37978
37979
37980
37981
37982
37983
37985
37986
37987
37988
37989
37990
37991
37992
37993
37994
37995
37996
37997
37998
37999
38000
38001
38002
38003
38004
38005
38006
38007
38008
38009
38010
38011
38012
38013
38014
38015
38016
38017
38018
38019
38020
38021
38022
38023
38024
38025
38026
38027
38028
38029
38030
38031
38032
38033
38034
38035
38036
38037
38038
38039
38040
38041
38042
38043
38044
38045
38046
38047
